,item,condition,attraction,violation,model,model_type,model_arch,surp,target_attn,dist_attn,attn_entropy
0,1,a,none,grammatical,gpt2_4_3,gpt2,gpt2,7.9219818115234375,0.41725436,0.034576874,1.1360654
1,1,a,none,grammatical,gpt2_3_6,gpt2,gpt2,7.9219818115234375,0.20030235,0.010309012,1.3995103
2,1,a,none,grammatical,gpt2_6_0,gpt2,gpt2,7.9219818115234375,0.27289903,0.017658047,1.250131
3,1,a,none,grammatical,gpt2_2_9,gpt2,gpt2,7.9219818115234375,0.1741116,0.43966645,1.493359
4,1,b,grammatical,grammatical,gpt2_4_3,gpt2,gpt2,7.665040016174316,0.3868531,0.024037424,1.0950319
5,1,b,grammatical,grammatical,gpt2_3_6,gpt2,gpt2,7.665040016174316,0.18857378,0.033201158,1.4513279
6,1,b,grammatical,grammatical,gpt2_6_0,gpt2,gpt2,7.665040016174316,0.28989902,0.035309173,1.3304797
7,1,b,grammatical,grammatical,gpt2_2_9,gpt2,gpt2,7.665040016174316,0.19599059,0.36229566,1.5768894
8,1,c,none,semantic,gpt2_4_3,gpt2,gpt2,10.5145263671875,0.41708517,0.10408268,1.3230325
9,1,c,none,semantic,gpt2_3_6,gpt2,gpt2,10.5145263671875,0.29452136,0.011738632,1.4412031
10,1,c,none,semantic,gpt2_6_0,gpt2,gpt2,10.5145263671875,0.41939592,0.03497516,1.4290591
11,1,c,none,semantic,gpt2_2_9,gpt2,gpt2,10.5145263671875,0.1762757,0.28086478,1.537718
12,1,d,semantic,semantic,gpt2_4_3,gpt2,gpt2,10.112394332885742,0.35076672,0.10184664,1.4839671
13,1,d,semantic,semantic,gpt2_3_6,gpt2,gpt2,10.112394332885742,0.15617082,0.3605233,1.5101763
14,1,d,semantic,semantic,gpt2_6_0,gpt2,gpt2,10.112394332885742,0.20402156,0.060475823,1.7342931
15,1,d,semantic,semantic,gpt2_2_9,gpt2,gpt2,10.112394332885742,0.084433995,0.37159887,1.5822288
16,1,e,none,double,gpt2_4_3,gpt2,gpt2,14.261962890625,0.31917554,0.07792673,1.4244342
17,1,e,none,double,gpt2_3_6,gpt2,gpt2,14.261962890625,0.22714412,0.015506472,1.4083362
18,1,e,none,double,gpt2_6_0,gpt2,gpt2,14.261962890625,0.25900206,0.034421135,1.4537218
19,1,e,none,double,gpt2_2_9,gpt2,gpt2,14.261962890625,0.13305083,0.27714634,1.5928559
20,1,h,grammatical,double,gpt2_4_3,gpt2,gpt2,13.674416542053223,0.36856037,0.043024696,1.3543242
21,1,h,grammatical,double,gpt2_3_6,gpt2,gpt2,13.674416542053223,0.2312413,0.054630984,1.5120988
22,1,h,grammatical,double,gpt2_6_0,gpt2,gpt2,13.674416542053223,0.27292207,0.044814397,1.4963633
23,1,h,grammatical,double,gpt2_2_9,gpt2,gpt2,13.674416542053223,0.11533367,0.36044988,1.5430442
24,1,g,semantic,double,gpt2_4_3,gpt2,gpt2,13.347379684448242,0.19685017,0.116846964,1.4508544
25,1,g,semantic,double,gpt2_3_6,gpt2,gpt2,13.347379684448242,0.1233964,0.36092034,1.4217417
26,1,g,semantic,double,gpt2_6_0,gpt2,gpt2,13.347379684448242,0.09504796,0.09763226,1.5688655
27,1,g,semantic,double,gpt2_2_9,gpt2,gpt2,13.347379684448242,0.06993865,0.2954792,1.6875355
28,1,f,double,double,gpt2_4_3,gpt2,gpt2,12.845258712768555,0.21783406,0.32598144,1.5239912
29,1,f,double,double,gpt2_3_6,gpt2,gpt2,12.845258712768555,0.14275196,0.31474325,1.46636
30,1,f,double,double,gpt2_6_0,gpt2,gpt2,12.845258712768555,0.10857438,0.1922065,1.731171
31,1,f,double,double,gpt2_2_9,gpt2,gpt2,12.845258712768555,0.064461224,0.3571202,1.6314864
32,2,a,none,grammatical,gpt2_4_3,gpt2,gpt2,12.04783844947815,0.8049152,0.006948566,1.2081494
33,2,a,none,grammatical,gpt2_3_6,gpt2,gpt2,12.04783844947815,0.14660278,0.10461416,1.80423
34,2,a,none,grammatical,gpt2_6_0,gpt2,gpt2,12.04783844947815,0.23552272,0.016050665,1.7728548
35,2,a,none,grammatical,gpt2_2_9,gpt2,gpt2,12.04783844947815,0.10729448,0.49823043,1.6337761
36,2,b,grammatical,grammatical,gpt2_4_3,gpt2,gpt2,11.56790554523468,0.7740843,0.014871319,1.3051288
37,2,b,grammatical,grammatical,gpt2_3_6,gpt2,gpt2,11.56790554523468,0.14461014,0.08791029,1.8048402
38,2,b,grammatical,grammatical,gpt2_6_0,gpt2,gpt2,11.56790554523468,0.19989486,0.024545262,1.7289689
39,2,b,grammatical,grammatical,gpt2_2_9,gpt2,gpt2,11.56790554523468,0.09419283,0.54181755,1.5449736
40,2,c,none,semantic,gpt2_4_3,gpt2,gpt2,10.057537078857422,0.88109636,0.0012763075,0.95686734
41,2,c,none,semantic,gpt2_3_6,gpt2,gpt2,10.057537078857422,0.15569048,0.15421908,1.8100729
42,2,c,none,semantic,gpt2_6_0,gpt2,gpt2,10.057537078857422,0.26092666,0.03471533,1.9206059
43,2,c,none,semantic,gpt2_2_9,gpt2,gpt2,10.057537078857422,0.09485638,0.52656937,1.5591657
44,2,d,semantic,semantic,gpt2_4_3,gpt2,gpt2,9.010772705078125,0.62641823,0.094838575,1.5552697
45,2,d,semantic,semantic,gpt2_3_6,gpt2,gpt2,9.010772705078125,0.06206266,0.507295,1.806133
46,2,d,semantic,semantic,gpt2_6_0,gpt2,gpt2,9.010772705078125,0.19447681,0.10360566,2.0513253
47,2,d,semantic,semantic,gpt2_2_9,gpt2,gpt2,9.010772705078125,0.060192827,0.6183071,1.7002386
48,2,e,none,double,gpt2_4_3,gpt2,gpt2,13.04990005493164,0.7810383,0.0008759553,1.2164582
49,2,e,none,double,gpt2_3_6,gpt2,gpt2,13.04990005493164,0.14211796,0.16935033,1.8532951
50,2,e,none,double,gpt2_6_0,gpt2,gpt2,13.04990005493164,0.24100333,0.027485961,1.853564
51,2,e,none,double,gpt2_2_9,gpt2,gpt2,13.04990005493164,0.1471523,0.46768555,1.6757327
52,2,h,grammatical,double,gpt2_4_3,gpt2,gpt2,12.381387710571289,0.7954774,0.0043388363,1.2136422
53,2,h,grammatical,double,gpt2_3_6,gpt2,gpt2,12.381387710571289,0.16185124,0.16447982,1.8806896
54,2,h,grammatical,double,gpt2_6_0,gpt2,gpt2,12.381387710571289,0.22829556,0.06371729,1.9241625
55,2,h,grammatical,double,gpt2_2_9,gpt2,gpt2,12.381387710571289,0.12013081,0.5380886,1.5461295
56,2,g,semantic,double,gpt2_4_3,gpt2,gpt2,12.150230407714844,0.5415329,0.07875408,1.6511649
57,2,g,semantic,double,gpt2_3_6,gpt2,gpt2,12.150230407714844,0.053344376,0.61707485,1.7409332
58,2,g,semantic,double,gpt2_6_0,gpt2,gpt2,12.150230407714844,0.14896281,0.16262734,2.0372565
59,2,g,semantic,double,gpt2_2_9,gpt2,gpt2,12.150230407714844,0.080696665,0.63586575,1.6761184
60,2,f,double,double,gpt2_4_3,gpt2,gpt2,10.514215469360352,0.5287406,0.20731351,1.6896977
61,2,f,double,double,gpt2_3_6,gpt2,gpt2,10.514215469360352,0.06426868,0.6137849,1.751363
62,2,f,double,double,gpt2_6_0,gpt2,gpt2,10.514215469360352,0.15120272,0.17597802,2.068414
63,2,f,double,double,gpt2_2_9,gpt2,gpt2,10.514215469360352,0.057612784,0.7256213,1.3971281
64,3,a,none,grammatical,gpt2_4_3,gpt2,gpt2,9.631940841674805,0.49279326,0.04874384,1.3059046
65,3,a,none,grammatical,gpt2_3_6,gpt2,gpt2,9.631940841674805,0.11855572,0.25291434,1.7826407
66,3,a,none,grammatical,gpt2_6_0,gpt2,gpt2,9.631940841674805,0.24710038,0.02262434,1.6985977
67,3,a,none,grammatical,gpt2_2_9,gpt2,gpt2,9.631940841674805,0.051521953,0.40760195,1.5419436
68,3,b,grammatical,grammatical,gpt2_4_3,gpt2,gpt2,9.179433822631836,0.4477504,0.03767137,1.2386819
69,3,b,grammatical,grammatical,gpt2_3_6,gpt2,gpt2,9.179433822631836,0.13058336,0.17619939,1.7701709
70,3,b,grammatical,grammatical,gpt2_6_0,gpt2,gpt2,9.179433822631836,0.22560999,0.05802331,1.7833589
71,3,b,grammatical,grammatical,gpt2_2_9,gpt2,gpt2,9.179433822631836,0.03815627,0.4558032,1.4550903
72,3,c,none,semantic,gpt2_4_3,gpt2,gpt2,11.23580276966095,0.4250841,0.06585042,1.4558523
73,3,c,none,semantic,gpt2_3_6,gpt2,gpt2,11.23580276966095,0.09771713,0.20124553,1.7604487
74,3,c,none,semantic,gpt2_6_0,gpt2,gpt2,11.23580276966095,0.066730134,0.03625552,1.1170195
75,3,c,none,semantic,gpt2_2_9,gpt2,gpt2,11.23580276966095,0.034824893,0.4617649,1.3099271
76,3,d,semantic,semantic,gpt2_4_3,gpt2,gpt2,9.40974759310484,0.40490988,0.1602136,1.5735549
77,3,d,semantic,semantic,gpt2_3_6,gpt2,gpt2,9.40974759310484,0.0700518,0.24766384,1.7523277
78,3,d,semantic,semantic,gpt2_6_0,gpt2,gpt2,9.40974759310484,0.089601785,0.05622539,1.2866851
79,3,d,semantic,semantic,gpt2_2_9,gpt2,gpt2,9.40974759310484,0.04413424,0.32853347,1.3988609
80,3,e,none,double,gpt2_4_3,gpt2,gpt2,13.196752548217773,0.32289732,0.09249571,1.5217237
81,3,e,none,double,gpt2_3_6,gpt2,gpt2,13.196752548217773,0.082714476,0.22369301,1.7407985
82,3,e,none,double,gpt2_6_0,gpt2,gpt2,13.196752548217773,0.21591796,0.044777945,1.7157121
83,3,e,none,double,gpt2_2_9,gpt2,gpt2,13.196752548217773,0.044264622,0.4172448,1.5211077
84,3,h,grammatical,double,gpt2_4_3,gpt2,gpt2,13.009663581848145,0.29554042,0.06942851,1.4307913
85,3,h,grammatical,double,gpt2_3_6,gpt2,gpt2,13.009663581848145,0.073777296,0.14549844,1.6203738
86,3,h,grammatical,double,gpt2_6_0,gpt2,gpt2,13.009663581848145,0.17634341,0.06632961,1.7329627
87,3,h,grammatical,double,gpt2_2_9,gpt2,gpt2,13.009663581848145,0.028158214,0.5320142,1.3411405
88,3,g,semantic,double,gpt2_4_3,gpt2,gpt2,10.49840259552002,0.17328224,0.1044509,1.6679188
89,3,g,semantic,double,gpt2_3_6,gpt2,gpt2,10.49840259552002,0.067603864,0.23263676,1.6548331
90,3,g,semantic,double,gpt2_6_0,gpt2,gpt2,10.49840259552002,0.1479313,0.1434242,1.7487887
91,3,g,semantic,double,gpt2_2_9,gpt2,gpt2,10.49840259552002,0.044194058,0.29237345,1.6202075
92,3,f,double,double,gpt2_4_3,gpt2,gpt2,11.373445510864258,0.198869,0.17013618,1.6837175
93,3,f,double,double,gpt2_3_6,gpt2,gpt2,11.373445510864258,0.0582144,0.23151639,1.595568
94,3,f,double,double,gpt2_6_0,gpt2,gpt2,11.373445510864258,0.17139432,0.13148105,1.7742517
95,3,f,double,double,gpt2_2_9,gpt2,gpt2,11.373445510864258,0.034838174,0.3588725,1.570922
96,4,a,none,grammatical,gpt2_4_3,gpt2,gpt2,11.385662078857422,0.19044645,0.26633656,1.5914056
97,4,a,none,grammatical,gpt2_3_6,gpt2,gpt2,11.385662078857422,0.01849577,0.29468542,1.6439247
98,4,a,none,grammatical,gpt2_6_0,gpt2,gpt2,11.385662078857422,0.075899296,0.18610312,1.596181
99,4,a,none,grammatical,gpt2_2_9,gpt2,gpt2,11.385662078857422,0.03933432,0.6395981,1.1639643
100,4,b,grammatical,grammatical,gpt2_4_3,gpt2,gpt2,11.279042720794678,0.21181267,0.2759573,1.5418535
101,4,b,grammatical,grammatical,gpt2_3_6,gpt2,gpt2,11.279042720794678,0.019671198,0.22846879,1.6280026
102,4,b,grammatical,grammatical,gpt2_6_0,gpt2,gpt2,11.279042720794678,0.06568015,0.19824016,1.5604479
103,4,b,grammatical,grammatical,gpt2_2_9,gpt2,gpt2,11.279042720794678,0.04596534,0.57486826,1.2803532
104,4,c,none,semantic,gpt2_4_3,gpt2,gpt2,11.984169244766235,0.034370527,0.042505797,1.3716824
105,4,c,none,semantic,gpt2_3_6,gpt2,gpt2,11.984169244766235,0.02572198,0.22324921,1.81393
106,4,c,none,semantic,gpt2_6_0,gpt2,gpt2,11.984169244766235,0.037919182,0.10039378,1.5152032
107,4,c,none,semantic,gpt2_2_9,gpt2,gpt2,11.984169244766235,0.028550057,0.42639744,1.5896987
108,4,d,semantic,semantic,gpt2_4_3,gpt2,gpt2,10.42405652999878,0.026061399,0.050947264,1.2813151
109,4,d,semantic,semantic,gpt2_3_6,gpt2,gpt2,10.42405652999878,0.024260208,0.27645284,1.8168459
110,4,d,semantic,semantic,gpt2_6_0,gpt2,gpt2,10.42405652999878,0.037395634,0.067215055,1.44136
111,4,d,semantic,semantic,gpt2_2_9,gpt2,gpt2,10.42405652999878,0.039771177,0.17810838,1.8060468
112,4,e,none,double,gpt2_4_3,gpt2,gpt2,10.688106536865234,0.063451454,0.045697004,1.7351506
113,4,e,none,double,gpt2_3_6,gpt2,gpt2,10.688106536865234,0.03926354,0.29753774,1.8160512
114,4,e,none,double,gpt2_6_0,gpt2,gpt2,10.688106536865234,0.053627435,0.23937966,1.7794691
115,4,e,none,double,gpt2_2_9,gpt2,gpt2,10.688106536865234,0.027077865,0.3157032,1.7283244
116,4,h,grammatical,double,gpt2_4_3,gpt2,gpt2,10.452725410461426,0.07846303,0.11835776,1.7481257
117,4,h,grammatical,double,gpt2_3_6,gpt2,gpt2,10.452725410461426,0.034748446,0.2854304,1.7673408
118,4,h,grammatical,double,gpt2_6_0,gpt2,gpt2,10.452725410461426,0.060335916,0.37333596,1.6621923
119,4,h,grammatical,double,gpt2_2_9,gpt2,gpt2,10.452725410461426,0.029128058,0.2547161,1.7728344
120,4,g,semantic,double,gpt2_4_3,gpt2,gpt2,8.285438537597656,0.046051554,0.07932943,1.7097137
121,4,g,semantic,double,gpt2_3_6,gpt2,gpt2,8.285438537597656,0.03781332,0.3558381,1.7836146
122,4,g,semantic,double,gpt2_6_0,gpt2,gpt2,8.285438537597656,0.060187243,0.1326754,1.7371721
123,4,g,semantic,double,gpt2_2_9,gpt2,gpt2,8.285438537597656,0.028823603,0.21417928,1.8016219
124,4,f,double,double,gpt2_4_3,gpt2,gpt2,7.477705001831055,0.07455877,0.13761072,1.6903408
125,4,f,double,double,gpt2_3_6,gpt2,gpt2,7.477705001831055,0.032001913,0.36650446,1.6961756
126,4,f,double,double,gpt2_6_0,gpt2,gpt2,7.477705001831055,0.07138576,0.33034712,1.7350507
127,4,f,double,double,gpt2_2_9,gpt2,gpt2,7.477705001831055,0.025401328,0.24269846,1.7803994
128,5,a,none,grammatical,gpt2_4_3,gpt2,gpt2,12.397627830505371,0.2958122,0.10019784,1.2693826
129,5,a,none,grammatical,gpt2_3_6,gpt2,gpt2,12.397627830505371,0.09571877,0.3460351,1.6950543
130,5,a,none,grammatical,gpt2_6_0,gpt2,gpt2,12.397627830505371,0.33794624,0.16907555,1.664564
131,5,a,none,grammatical,gpt2_2_9,gpt2,gpt2,12.397627830505371,0.04559237,0.4625428,1.4455078
132,5,b,grammatical,grammatical,gpt2_4_3,gpt2,gpt2,12.663505554199219,0.23304819,0.15952966,1.2201607
133,5,b,grammatical,grammatical,gpt2_3_6,gpt2,gpt2,12.663505554199219,0.09963098,0.3491647,1.667404
134,5,b,grammatical,grammatical,gpt2_6_0,gpt2,gpt2,12.663505554199219,0.31314692,0.18137665,1.6928928
135,5,b,grammatical,grammatical,gpt2_2_9,gpt2,gpt2,12.663505554199219,0.03859622,0.47094882,1.4204826
136,5,c,none,semantic,gpt2_4_3,gpt2,gpt2,12.689902305603027,0.32908523,0.20579042,1.4644217
137,5,c,none,semantic,gpt2_3_6,gpt2,gpt2,12.689902305603027,0.059746336,0.20167428,1.7820387
138,5,c,none,semantic,gpt2_6_0,gpt2,gpt2,12.689902305603027,0.31920698,0.22165138,1.6166596
139,5,c,none,semantic,gpt2_2_9,gpt2,gpt2,12.689902305603027,0.046129115,0.53206235,1.3918858
140,5,d,semantic,semantic,gpt2_4_3,gpt2,gpt2,12.496731758117676,0.37698796,0.049155593,1.3378702
141,5,d,semantic,semantic,gpt2_3_6,gpt2,gpt2,12.496731758117676,0.026140345,0.4387477,1.4536843
142,5,d,semantic,semantic,gpt2_6_0,gpt2,gpt2,12.496731758117676,0.23613377,0.23729154,1.7176373
143,5,d,semantic,semantic,gpt2_2_9,gpt2,gpt2,12.496731758117676,0.055464823,0.4215104,1.5023143
144,5,e,none,double,gpt2_4_3,gpt2,gpt2,10.45426082611084,0.18340321,0.15972687,1.4597768
145,5,e,none,double,gpt2_3_6,gpt2,gpt2,10.45426082611084,0.052690916,0.20506518,1.7460709
146,5,e,none,double,gpt2_6_0,gpt2,gpt2,10.45426082611084,0.109799854,0.25527298,1.5083958
147,5,e,none,double,gpt2_2_9,gpt2,gpt2,10.45426082611084,0.03386338,0.43674654,1.4686202
148,5,h,grammatical,double,gpt2_4_3,gpt2,gpt2,10.540557861328125,0.17417718,0.24371077,1.516356
149,5,h,grammatical,double,gpt2_3_6,gpt2,gpt2,10.540557861328125,0.052330144,0.1582545,1.704545
150,5,h,grammatical,double,gpt2_6_0,gpt2,gpt2,10.540557861328125,0.096932024,0.32097584,1.4772136
151,5,h,grammatical,double,gpt2_2_9,gpt2,gpt2,10.540557861328125,0.031429816,0.48048174,1.4031799
152,5,g,semantic,double,gpt2_4_3,gpt2,gpt2,10.578221321105957,0.23343125,0.06685908,1.351171
153,5,g,semantic,double,gpt2_3_6,gpt2,gpt2,10.578221321105957,0.02273,0.35205996,1.5485882
154,5,g,semantic,double,gpt2_6_0,gpt2,gpt2,10.578221321105957,0.096996315,0.17448442,1.7371868
155,5,g,semantic,double,gpt2_2_9,gpt2,gpt2,10.578221321105957,0.03918562,0.40378624,1.4555682
156,5,f,double,double,gpt2_4_3,gpt2,gpt2,9.640596389770508,0.27014452,0.08158714,1.4101075
157,5,f,double,double,gpt2_3_6,gpt2,gpt2,9.640596389770508,0.023856444,0.32317835,1.5262136
158,5,f,double,double,gpt2_6_0,gpt2,gpt2,9.640596389770508,0.10697859,0.20964833,1.7181236
159,5,f,double,double,gpt2_2_9,gpt2,gpt2,9.640596389770508,0.04050651,0.37153327,1.461092
160,6,a,none,grammatical,gpt2_4_3,gpt2,gpt2,8.419658660888672,0.8113925,0.03593713,0.66168404
161,6,a,none,grammatical,gpt2_3_6,gpt2,gpt2,8.419658660888672,0.059232324,0.12029118,1.7034551
162,6,a,none,grammatical,gpt2_6_0,gpt2,gpt2,8.419658660888672,0.13756669,0.04506277,1.7445109
163,6,a,none,grammatical,gpt2_2_9,gpt2,gpt2,8.419658660888672,0.035077956,0.59264493,1.316748
164,6,b,grammatical,grammatical,gpt2_4_3,gpt2,gpt2,8.142728805541992,0.7850751,0.08109286,0.76405174
165,6,b,grammatical,grammatical,gpt2_3_6,gpt2,gpt2,8.142728805541992,0.05226229,0.10888756,1.6071663
166,6,b,grammatical,grammatical,gpt2_6_0,gpt2,gpt2,8.142728805541992,0.11651012,0.08486726,1.8530781
167,6,b,grammatical,grammatical,gpt2_2_9,gpt2,gpt2,8.142728805541992,0.037116993,0.5397326,1.4083357
168,6,c,none,semantic,gpt2_4_3,gpt2,gpt2,10.611273288726807,0.6161488,0.2091138,1.0985179
169,6,c,none,semantic,gpt2_3_6,gpt2,gpt2,10.611273288726807,0.045212403,0.10519655,1.7297673
170,6,c,none,semantic,gpt2_6_0,gpt2,gpt2,10.611273288726807,0.12300908,0.068067014,1.7049505
171,6,c,none,semantic,gpt2_2_9,gpt2,gpt2,10.611273288726807,0.112601094,0.46829173,1.5813131
172,6,d,semantic,semantic,gpt2_4_3,gpt2,gpt2,9.977086305618286,0.66606,0.04599157,1.0735176
173,6,d,semantic,semantic,gpt2_3_6,gpt2,gpt2,9.977086305618286,0.024613988,0.20316212,1.694027
174,6,d,semantic,semantic,gpt2_6_0,gpt2,gpt2,9.977086305618286,0.10735356,0.045309328,1.4309571
175,6,d,semantic,semantic,gpt2_2_9,gpt2,gpt2,9.977086305618286,0.07390142,0.5872749,1.3507633
176,6,e,none,double,gpt2_4_3,gpt2,gpt2,11.400875091552734,0.3639492,0.19620788,1.344459
177,6,e,none,double,gpt2_3_6,gpt2,gpt2,11.400875091552734,0.053135604,0.1411816,1.8042283
178,6,e,none,double,gpt2_6_0,gpt2,gpt2,11.400875091552734,0.14916727,0.18137838,1.9324539
179,6,e,none,double,gpt2_2_9,gpt2,gpt2,11.400875091552734,0.10536742,0.32911497,1.8016446
180,6,h,grammatical,double,gpt2_4_3,gpt2,gpt2,11.554227828979492,0.32353798,0.44558716,1.2784669
181,6,h,grammatical,double,gpt2_3_6,gpt2,gpt2,11.554227828979492,0.050473254,0.17908236,1.7506368
182,6,h,grammatical,double,gpt2_6_0,gpt2,gpt2,11.554227828979492,0.11221954,0.15783148,1.9049387
183,6,h,grammatical,double,gpt2_2_9,gpt2,gpt2,11.554227828979492,0.08790808,0.4457638,1.6538507
184,6,g,semantic,double,gpt2_4_3,gpt2,gpt2,10.506168365478516,0.37725952,0.101785414,1.3945473
185,6,g,semantic,double,gpt2_3_6,gpt2,gpt2,10.506168365478516,0.03368386,0.23531824,1.7221305
186,6,g,semantic,double,gpt2_6_0,gpt2,gpt2,10.506168365478516,0.12095593,0.11742896,1.8741381
187,6,g,semantic,double,gpt2_2_9,gpt2,gpt2,10.506168365478516,0.052780483,0.591663,1.3668213
188,6,f,double,double,gpt2_4_3,gpt2,gpt2,10.075315475463867,0.5773367,0.11132283,1.3562635
189,6,f,double,double,gpt2_3_6,gpt2,gpt2,10.075315475463867,0.043191586,0.15066335,1.8732225
190,6,f,double,double,gpt2_6_0,gpt2,gpt2,10.075315475463867,0.11390734,0.19368891,2.1065228
191,6,f,double,double,gpt2_2_9,gpt2,gpt2,10.075315475463867,0.031950142,0.6655406,1.7534044
192,7,a,none,grammatical,gpt2_4_3,gpt2,gpt2,11.615154266357422,0.38399807,0.030922886,1.1201816
193,7,a,none,grammatical,gpt2_3_6,gpt2,gpt2,11.615154266357422,0.081004374,0.24824104,1.8083999
194,7,a,none,grammatical,gpt2_6_0,gpt2,gpt2,11.615154266357422,0.04716912,0.040106792,1.7757096
195,7,a,none,grammatical,gpt2_2_9,gpt2,gpt2,11.615154266357422,0.034803413,0.59378797,1.3922336
196,7,b,grammatical,grammatical,gpt2_4_3,gpt2,gpt2,11.132527351379395,0.4106589,0.11036172,1.2406232
197,7,b,grammatical,grammatical,gpt2_3_6,gpt2,gpt2,11.132527351379395,0.07453633,0.27569965,1.765999
198,7,b,grammatical,grammatical,gpt2_6_0,gpt2,gpt2,11.132527351379395,0.0491164,0.102108955,1.8379738
199,7,b,grammatical,grammatical,gpt2_2_9,gpt2,gpt2,11.132527351379395,0.03171622,0.61116225,1.3429
200,7,c,none,semantic,gpt2_4_3,gpt2,gpt2,6.530750274658203,0.8340101,0.00830323,0.619028
201,7,c,none,semantic,gpt2_3_6,gpt2,gpt2,6.530750274658203,0.05318293,0.0620999,1.5599784
202,7,c,none,semantic,gpt2_6_0,gpt2,gpt2,6.530750274658203,0.21202846,0.020806821,1.8228108
203,7,c,none,semantic,gpt2_2_9,gpt2,gpt2,6.530750274658203,0.035732668,0.52648497,1.5127856
204,7,d,semantic,semantic,gpt2_4_3,gpt2,gpt2,4.31623649597168,0.7585435,0.009576011,0.8312989
205,7,d,semantic,semantic,gpt2_3_6,gpt2,gpt2,4.31623649597168,0.056513138,0.107496016,1.714927
206,7,d,semantic,semantic,gpt2_6_0,gpt2,gpt2,4.31623649597168,0.21453631,0.070835665,1.9334446
207,7,d,semantic,semantic,gpt2_2_9,gpt2,gpt2,4.31623649597168,0.04674902,0.3780268,1.7606976
208,7,e,none,double,gpt2_4_3,gpt2,gpt2,9.340470314025879,0.4171822,0.022749892,1.1135464
209,7,e,none,double,gpt2_3_6,gpt2,gpt2,9.340470314025879,0.04818383,0.071760975,1.5421592
210,7,e,none,double,gpt2_6_0,gpt2,gpt2,9.340470314025879,0.1755556,0.018477635,1.7587637
211,7,e,none,double,gpt2_2_9,gpt2,gpt2,9.340470314025879,0.041137785,0.4931001,1.4913228
212,7,h,grammatical,double,gpt2_4_3,gpt2,gpt2,8.48246955871582,0.44382206,0.12511894,1.2914593
213,7,h,grammatical,double,gpt2_3_6,gpt2,gpt2,8.48246955871582,0.037378315,0.090507776,1.538402
214,7,h,grammatical,double,gpt2_6_0,gpt2,gpt2,8.48246955871582,0.15698631,0.040901087,1.7825779
215,7,h,grammatical,double,gpt2_2_9,gpt2,gpt2,8.48246955871582,0.030776165,0.5973169,1.2960005
216,7,g,semantic,double,gpt2_4_3,gpt2,gpt2,7.545621871948242,0.3502683,0.017438874,1.1914668
217,7,g,semantic,double,gpt2_3_6,gpt2,gpt2,7.545621871948242,0.046211928,0.1250639,1.7101908
218,7,g,semantic,double,gpt2_6_0,gpt2,gpt2,7.545621871948242,0.16472177,0.06630611,1.987336
219,7,g,semantic,double,gpt2_2_9,gpt2,gpt2,7.545621871948242,0.039512616,0.3697318,1.7553847
220,7,f,double,double,gpt2_4_3,gpt2,gpt2,5.6982622146606445,0.3430379,0.13936323,1.4658228
221,7,f,double,double,gpt2_3_6,gpt2,gpt2,5.6982622146606445,0.0359467,0.18653186,1.6971728
222,7,f,double,double,gpt2_6_0,gpt2,gpt2,5.6982622146606445,0.1934145,0.15197888,1.9952669
223,7,f,double,double,gpt2_2_9,gpt2,gpt2,5.6982622146606445,0.027800478,0.5270878,1.504339
224,8,a,none,grammatical,gpt2_4_3,gpt2,gpt2,9.94599723815918,0.09627127,0.034400646,1.2671869
225,8,a,none,grammatical,gpt2_3_6,gpt2,gpt2,9.94599723815918,0.09988712,0.18006389,1.6971424
226,8,a,none,grammatical,gpt2_6_0,gpt2,gpt2,9.94599723815918,0.046636693,0.058276,1.534133
227,8,a,none,grammatical,gpt2_2_9,gpt2,gpt2,9.94599723815918,0.04214064,0.663087,1.1616476
228,8,b,grammatical,grammatical,gpt2_4_3,gpt2,gpt2,8.455309867858887,0.09979722,0.14265832,1.4084271
229,8,b,grammatical,grammatical,gpt2_3_6,gpt2,gpt2,8.455309867858887,0.09134427,0.2129989,1.8726892
230,8,b,grammatical,grammatical,gpt2_6_0,gpt2,gpt2,8.455309867858887,0.031188874,0.17158788,1.6716981
231,8,b,grammatical,grammatical,gpt2_2_9,gpt2,gpt2,8.455309867858887,0.039368786,0.54841506,1.7829553
232,8,c,none,semantic,gpt2_4_3,gpt2,gpt2,14.588166739791632,0.05401802,0.428375,1.4998164
233,8,c,none,semantic,gpt2_3_6,gpt2,gpt2,14.588166739791632,0.06829076,0.3183821,1.6180396
234,8,c,none,semantic,gpt2_6_0,gpt2,gpt2,14.588166739791632,0.045687545,0.18485644,1.5174525
235,8,c,none,semantic,gpt2_2_9,gpt2,gpt2,14.588166739791632,0.0656425,0.49046454,1.4912066
236,8,d,semantic,semantic,gpt2_4_3,gpt2,gpt2,14.517936013638973,0.076069236,0.23959956,1.6176718
237,8,d,semantic,semantic,gpt2_3_6,gpt2,gpt2,14.517936013638973,0.07201215,0.3357622,1.5807588
238,8,d,semantic,semantic,gpt2_6_0,gpt2,gpt2,14.517936013638973,0.04547329,0.174993,1.5264294
239,8,d,semantic,semantic,gpt2_2_9,gpt2,gpt2,14.517936013638973,0.070764,0.45982924,1.5419917
240,8,e,none,double,gpt2_4_3,gpt2,gpt2,14.542686462402344,0.05401802,0.428375,1.4998164
241,8,e,none,double,gpt2_3_6,gpt2,gpt2,14.542686462402344,0.06829076,0.3183821,1.6180396
242,8,e,none,double,gpt2_6_0,gpt2,gpt2,14.542686462402344,0.045687545,0.18485644,1.5174525
243,8,e,none,double,gpt2_2_9,gpt2,gpt2,14.542686462402344,0.0656425,0.49046454,1.4912066
244,8,h,grammatical,double,gpt2_4_3,gpt2,gpt2,15.11581039428711,0.07846644,0.33715636,1.9196688
245,8,h,grammatical,double,gpt2_3_6,gpt2,gpt2,15.11581039428711,0.07062686,0.19783409,1.794229
246,8,h,grammatical,double,gpt2_6_0,gpt2,gpt2,15.11581039428711,0.0290648,0.20734942,1.624565
247,8,h,grammatical,double,gpt2_2_9,gpt2,gpt2,15.11581039428711,0.04275938,0.49741024,1.790894
248,8,g,semantic,double,gpt2_4_3,gpt2,gpt2,14.46680498123169,0.076069236,0.23959956,1.6176718
249,8,g,semantic,double,gpt2_3_6,gpt2,gpt2,14.46680498123169,0.07201215,0.3357622,1.5807588
250,8,g,semantic,double,gpt2_6_0,gpt2,gpt2,14.46680498123169,0.04547329,0.174993,1.5264294
251,8,g,semantic,double,gpt2_2_9,gpt2,gpt2,14.46680498123169,0.070764,0.45982924,1.5419917
252,8,f,double,double,gpt2_4_3,gpt2,gpt2,14.651924133300781,0.077120356,0.2689182,1.6139106
253,8,f,double,double,gpt2_3_6,gpt2,gpt2,14.651924133300781,0.08107086,0.27595508,1.6173055
254,8,f,double,double,gpt2_6_0,gpt2,gpt2,14.651924133300781,0.032045145,0.2418588,1.494293
255,8,f,double,double,gpt2_2_9,gpt2,gpt2,14.651924133300781,0.07306829,0.40090972,1.6021886
256,9,a,none,grammatical,gpt2_4_3,gpt2,gpt2,8.678265571594238,0.2568509,0.1172054,1.4996
257,9,a,none,grammatical,gpt2_3_6,gpt2,gpt2,8.678265571594238,0.12398119,0.2131151,1.7860047
258,9,a,none,grammatical,gpt2_6_0,gpt2,gpt2,8.678265571594238,0.14629917,0.11107645,1.6317451
259,9,a,none,grammatical,gpt2_2_9,gpt2,gpt2,8.678265571594238,0.043283645,0.41908503,1.5081095
260,9,b,grammatical,grammatical,gpt2_4_3,gpt2,gpt2,8.678265571594238,0.2568509,0.1172054,1.4996
261,9,b,grammatical,grammatical,gpt2_3_6,gpt2,gpt2,8.678265571594238,0.12398119,0.2131151,1.7860047
262,9,b,grammatical,grammatical,gpt2_6_0,gpt2,gpt2,8.678265571594238,0.14629917,0.11107645,1.6317451
263,9,b,grammatical,grammatical,gpt2_2_9,gpt2,gpt2,8.678265571594238,0.043283645,0.41908503,1.5081095
264,9,c,none,semantic,gpt2_4_3,gpt2,gpt2,7.658255437389016,0.32532832,0.10888216,1.4658197
265,9,c,none,semantic,gpt2_3_6,gpt2,gpt2,7.658255437389016,0.08875177,0.13868979,1.5622561
266,9,c,none,semantic,gpt2_6_0,gpt2,gpt2,7.658255437389016,0.17670988,0.13546483,1.5732036
267,9,c,none,semantic,gpt2_2_9,gpt2,gpt2,7.658255437389016,0.03218642,0.5410418,1.2675431
268,9,d,semantic,semantic,gpt2_4_3,gpt2,gpt2,7.064268101006746,0.3274203,0.15880673,1.4866863
269,9,d,semantic,semantic,gpt2_3_6,gpt2,gpt2,7.064268101006746,0.07777973,0.20056148,1.6165459
270,9,d,semantic,semantic,gpt2_6_0,gpt2,gpt2,7.064268101006746,0.15848976,0.20566723,1.6118387
271,9,d,semantic,semantic,gpt2_2_9,gpt2,gpt2,7.064268101006746,0.039391976,0.5070489,1.3315303
272,9,e,none,double,gpt2_4_3,gpt2,gpt2,9.779990196228027,0.28777727,0.048489183,1.25525
273,9,e,none,double,gpt2_3_6,gpt2,gpt2,9.779990196228027,0.073924616,0.11597777,1.6023383
274,9,e,none,double,gpt2_6_0,gpt2,gpt2,9.779990196228027,0.25455552,0.1326517,1.6851981
275,9,e,none,double,gpt2_2_9,gpt2,gpt2,9.779990196228027,0.041131243,0.433452,1.4345692
276,9,h,grammatical,double,gpt2_4_3,gpt2,gpt2,10.026782989501953,0.19537012,0.1961415,1.35625
277,9,h,grammatical,double,gpt2_3_6,gpt2,gpt2,10.026782989501953,0.06727386,0.14432308,1.6869267
278,9,h,grammatical,double,gpt2_6_0,gpt2,gpt2,10.026782989501953,0.28518382,0.14687032,1.8289244
279,9,h,grammatical,double,gpt2_2_9,gpt2,gpt2,10.026782989501953,0.017470112,0.6780497,1.4689546
280,9,g,semantic,double,gpt2_4_3,gpt2,gpt2,8.727418899536133,0.24601288,0.07499367,1.3054888
281,9,g,semantic,double,gpt2_3_6,gpt2,gpt2,8.727418899536133,0.07182885,0.13556974,1.6462215
282,9,g,semantic,double,gpt2_6_0,gpt2,gpt2,8.727418899536133,0.20792548,0.21689643,1.6643207
283,9,g,semantic,double,gpt2_2_9,gpt2,gpt2,8.727418899536133,0.03772654,0.5224559,1.3412056
284,9,f,double,double,gpt2_4_3,gpt2,gpt2,9.4440279006958,0.20756169,0.09482342,1.3021113
285,9,f,double,double,gpt2_3_6,gpt2,gpt2,9.4440279006958,0.05527226,0.16100344,1.6492648
286,9,f,double,double,gpt2_6_0,gpt2,gpt2,9.4440279006958,0.24684048,0.19842327,1.8533609
287,9,f,double,double,gpt2_2_9,gpt2,gpt2,9.4440279006958,0.019885901,0.68868166,1.4079658
288,10,a,none,grammatical,gpt2_4_3,gpt2,gpt2,11.205453872680664,0.3108514,0.16234319,1.5324678
289,10,a,none,grammatical,gpt2_3_6,gpt2,gpt2,11.205453872680664,0.04823811,0.30755335,1.4416542
290,10,a,none,grammatical,gpt2_6_0,gpt2,gpt2,11.205453872680664,0.11726059,0.23589075,1.7614131
291,10,a,none,grammatical,gpt2_2_9,gpt2,gpt2,11.205453872680664,0.10576574,0.4572167,1.5964639
292,10,b,grammatical,grammatical,gpt2_4_3,gpt2,gpt2,10.252885818481445,0.30710426,0.3594466,1.4268992
293,10,b,grammatical,grammatical,gpt2_3_6,gpt2,gpt2,10.252885818481445,0.054005682,0.2817147,1.4412904
294,10,b,grammatical,grammatical,gpt2_6_0,gpt2,gpt2,10.252885818481445,0.11792971,0.40081495,1.6312081
295,10,b,grammatical,grammatical,gpt2_2_9,gpt2,gpt2,10.252885818481445,0.09458591,0.52114004,1.4876662
296,10,c,none,semantic,gpt2_4_3,gpt2,gpt2,9.644670486450195,0.3355257,0.16153182,1.4049071
297,10,c,none,semantic,gpt2_3_6,gpt2,gpt2,9.644670486450195,0.06553749,0.25415194,1.6373504
298,10,c,none,semantic,gpt2_6_0,gpt2,gpt2,9.644670486450195,0.26568365,0.2580254,1.7398716
299,10,c,none,semantic,gpt2_2_9,gpt2,gpt2,9.644670486450195,0.06903844,0.5946713,1.3067076
300,10,d,semantic,semantic,gpt2_4_3,gpt2,gpt2,8.785658836364746,0.22048624,0.1277492,1.4687585
301,10,d,semantic,semantic,gpt2_3_6,gpt2,gpt2,8.785658836364746,0.048241153,0.3620074,1.479174
302,10,d,semantic,semantic,gpt2_6_0,gpt2,gpt2,8.785658836364746,0.12514763,0.30544314,1.7278516
303,10,d,semantic,semantic,gpt2_2_9,gpt2,gpt2,8.785658836364746,0.062027566,0.62264043,1.246831
304,10,e,none,double,gpt2_4_3,gpt2,gpt2,10.442346572875977,0.18773502,0.13923474,1.3879588
305,10,e,none,double,gpt2_3_6,gpt2,gpt2,10.442346572875977,0.057799134,0.2593486,1.5769086
306,10,e,none,double,gpt2_6_0,gpt2,gpt2,10.442346572875977,0.090607435,0.26415586,1.7508576
307,10,e,none,double,gpt2_2_9,gpt2,gpt2,10.442346572875977,0.070344515,0.5840292,1.3434135
308,10,h,grammatical,double,gpt2_4_3,gpt2,gpt2,9.23552131652832,0.19077599,0.29457858,1.4315627
309,10,h,grammatical,double,gpt2_3_6,gpt2,gpt2,9.23552131652832,0.06164287,0.2869726,1.577115
310,10,h,grammatical,double,gpt2_6_0,gpt2,gpt2,9.23552131652832,0.08982709,0.46580797,1.5417496
311,10,h,grammatical,double,gpt2_2_9,gpt2,gpt2,9.23552131652832,0.069965236,0.5834831,1.3473245
312,10,g,semantic,double,gpt2_4_3,gpt2,gpt2,8.812506675720215,0.13365766,0.09015008,1.3258342
313,10,g,semantic,double,gpt2_3_6,gpt2,gpt2,8.812506675720215,0.043249242,0.3954336,1.4382169
314,10,g,semantic,double,gpt2_6_0,gpt2,gpt2,8.812506675720215,0.04760538,0.31262448,1.6749289
315,10,g,semantic,double,gpt2_2_9,gpt2,gpt2,8.812506675720215,0.0758064,0.5249538,1.438761
316,10,f,double,double,gpt2_4_3,gpt2,gpt2,8.485771179199219,0.1557737,0.14204362,1.4425542
317,10,f,double,double,gpt2_3_6,gpt2,gpt2,8.485771179199219,0.040872723,0.44141397,1.383607
318,10,f,double,double,gpt2_6_0,gpt2,gpt2,8.485771179199219,0.08033966,0.29577398,1.7398456
319,10,f,double,double,gpt2_2_9,gpt2,gpt2,8.485771179199219,0.06457666,0.54542077,1.3960141
320,11,a,none,grammatical,gpt2_4_3,gpt2,gpt2,9.798802375793457,0.15297116,0.27555996,1.4765189
321,11,a,none,grammatical,gpt2_3_6,gpt2,gpt2,9.798802375793457,0.08099647,0.34735227,1.8156191
322,11,a,none,grammatical,gpt2_6_0,gpt2,gpt2,9.798802375793457,0.1167552,0.15523297,1.6129289
323,11,a,none,grammatical,gpt2_2_9,gpt2,gpt2,9.798802375793457,0.055536874,0.5815315,1.7404082
324,11,b,grammatical,grammatical,gpt2_4_3,gpt2,gpt2,7.981663227081299,0.14003068,0.47892258,1.4450111
325,11,b,grammatical,grammatical,gpt2_3_6,gpt2,gpt2,7.981663227081299,0.09336624,0.32797998,1.8500025
326,11,b,grammatical,grammatical,gpt2_6_0,gpt2,gpt2,7.981663227081299,0.09906811,0.17142156,1.7227974
327,11,b,grammatical,grammatical,gpt2_2_9,gpt2,gpt2,7.981663227081299,0.044931877,0.6369975,1.6504653
328,11,c,none,semantic,gpt2_4_3,gpt2,gpt2,8.965657234191895,0.29661152,0.22129086,1.5356588
329,11,c,none,semantic,gpt2_3_6,gpt2,gpt2,8.965657234191895,0.1173676,0.16470607,1.8464243
330,11,c,none,semantic,gpt2_6_0,gpt2,gpt2,8.965657234191895,0.12002715,0.04998011,1.6643282
331,11,c,none,semantic,gpt2_2_9,gpt2,gpt2,8.965657234191895,0.105824,0.487338,1.8628244
332,11,d,semantic,semantic,gpt2_4_3,gpt2,gpt2,8.645177841186523,0.42231742,0.056926955,1.2729459
333,11,d,semantic,semantic,gpt2_3_6,gpt2,gpt2,8.645177841186523,0.108115815,0.19674887,1.7127377
334,11,d,semantic,semantic,gpt2_6_0,gpt2,gpt2,8.645177841186523,0.1365788,0.026624769,1.6036783
335,11,d,semantic,semantic,gpt2_2_9,gpt2,gpt2,8.645177841186523,0.1156252,0.49140778,1.5411314
336,11,e,none,double,gpt2_4_3,gpt2,gpt2,11.288846015930176,0.12786444,0.18408047,1.5662574
337,11,e,none,double,gpt2_3_6,gpt2,gpt2,11.288846015930176,0.105273105,0.25455952,1.8810445
338,11,e,none,double,gpt2_6_0,gpt2,gpt2,11.288846015930176,0.067032866,0.06764524,1.501926
339,11,e,none,double,gpt2_2_9,gpt2,gpt2,11.288846015930176,0.11838325,0.50379777,1.8522274
340,11,h,grammatical,double,gpt2_4_3,gpt2,gpt2,10.052845001220703,0.11757722,0.35765722,1.6255071
341,11,h,grammatical,double,gpt2_3_6,gpt2,gpt2,10.052845001220703,0.0924046,0.3361586,1.8481829
342,11,h,grammatical,double,gpt2_6_0,gpt2,gpt2,10.052845001220703,0.062145345,0.13406765,1.6702682
343,11,h,grammatical,double,gpt2_2_9,gpt2,gpt2,10.052845001220703,0.101098895,0.5550295,1.7891473
344,11,g,semantic,double,gpt2_4_3,gpt2,gpt2,10.69502067565918,0.20080781,0.053972095,1.358034
345,11,g,semantic,double,gpt2_3_6,gpt2,gpt2,10.69502067565918,0.111730576,0.2338929,1.7005038
346,11,g,semantic,double,gpt2_6_0,gpt2,gpt2,10.69502067565918,0.07595692,0.027503032,1.4204193
347,11,g,semantic,double,gpt2_2_9,gpt2,gpt2,10.69502067565918,0.12169816,0.50473404,1.5137722
348,11,f,double,double,gpt2_4_3,gpt2,gpt2,10.108076095581055,0.13703705,0.45210665,1.5236521
349,11,f,double,double,gpt2_3_6,gpt2,gpt2,10.108076095581055,0.10677555,0.27182788,1.8271312
350,11,f,double,double,gpt2_6_0,gpt2,gpt2,10.108076095581055,0.056027982,0.19183047,1.6872705
351,11,f,double,double,gpt2_2_9,gpt2,gpt2,10.108076095581055,0.06500777,0.7027663,1.5454696
352,12,a,none,grammatical,gpt2_4_3,gpt2,gpt2,8.632100105285645,0.6946865,0.0010294088,1.2838959
353,12,a,none,grammatical,gpt2_3_6,gpt2,gpt2,8.632100105285645,0.11941641,0.12611952,1.809389
354,12,a,none,grammatical,gpt2_6_0,gpt2,gpt2,8.632100105285645,0.16170432,0.032403663,1.7454405
355,12,a,none,grammatical,gpt2_2_9,gpt2,gpt2,8.632100105285645,0.14081693,0.383461,1.8118937
356,12,b,grammatical,grammatical,gpt2_4_3,gpt2,gpt2,7.207545280456543,0.71925277,0.016346762,1.3397474
357,12,b,grammatical,grammatical,gpt2_3_6,gpt2,gpt2,7.207545280456543,0.12486045,0.121314704,1.7849901
358,12,b,grammatical,grammatical,gpt2_6_0,gpt2,gpt2,7.207545280456543,0.15020776,0.10004079,1.8246827
359,12,b,grammatical,grammatical,gpt2_2_9,gpt2,gpt2,7.207545280456543,0.12270751,0.44191825,1.7161524
360,12,c,none,semantic,gpt2_4_3,gpt2,gpt2,7.708348274230957,0.91080457,0.004043349,1.0255852
361,12,c,none,semantic,gpt2_3_6,gpt2,gpt2,7.708348274230957,0.24500073,0.092928655,1.8303229
362,12,c,none,semantic,gpt2_6_0,gpt2,gpt2,7.708348274230957,0.19628006,0.03582194,1.6627955
363,12,c,none,semantic,gpt2_2_9,gpt2,gpt2,7.708348274230957,0.06441146,0.6447482,1.2915537
364,12,d,semantic,semantic,gpt2_4_3,gpt2,gpt2,7.263871669769287,0.86638105,0.00792192,1.144379
365,12,d,semantic,semantic,gpt2_3_6,gpt2,gpt2,7.263871669769287,0.20741262,0.13145532,1.8046397
366,12,d,semantic,semantic,gpt2_6_0,gpt2,gpt2,7.263871669769287,0.1891077,0.042236283,1.7130051
367,12,d,semantic,semantic,gpt2_2_9,gpt2,gpt2,7.263871669769287,0.08034275,0.51495814,1.5667002
368,12,e,none,double,gpt2_4_3,gpt2,gpt2,11.751629829406738,0.7664808,0.0071534584,1.2711111
369,12,e,none,double,gpt2_3_6,gpt2,gpt2,11.751629829406738,0.1926638,0.12554881,1.8267946
370,12,e,none,double,gpt2_6_0,gpt2,gpt2,11.751629829406738,0.144039,0.038476992,1.5023476
371,12,e,none,double,gpt2_2_9,gpt2,gpt2,11.751629829406738,0.0811616,0.5348162,1.5247966
372,12,h,grammatical,double,gpt2_4_3,gpt2,gpt2,10.2844877243042,0.73284984,0.031493235,1.3666576
373,12,h,grammatical,double,gpt2_3_6,gpt2,gpt2,10.2844877243042,0.19868821,0.1093979,1.8359526
374,12,h,grammatical,double,gpt2_6_0,gpt2,gpt2,10.2844877243042,0.13767451,0.09453902,1.6092427
375,12,h,grammatical,double,gpt2_2_9,gpt2,gpt2,10.2844877243042,0.08204618,0.5314179,1.5250669
376,12,g,semantic,double,gpt2_4_3,gpt2,gpt2,11.057352066040039,0.69604766,0.01787336,1.3906054
377,12,g,semantic,double,gpt2_3_6,gpt2,gpt2,11.057352066040039,0.15538317,0.1301393,1.7786303
378,12,g,semantic,double,gpt2_6_0,gpt2,gpt2,11.057352066040039,0.14536557,0.032474127,1.5257831
379,12,g,semantic,double,gpt2_2_9,gpt2,gpt2,11.057352066040039,0.081626564,0.48571506,1.6132312
380,12,f,double,double,gpt2_4_3,gpt2,gpt2,9.31689167022705,0.6719225,0.07958953,1.4806229
381,12,f,double,double,gpt2_3_6,gpt2,gpt2,9.31689167022705,0.15517785,0.17158097,1.8138402
382,12,f,double,double,gpt2_6_0,gpt2,gpt2,9.31689167022705,0.15358405,0.07057335,1.6818924
383,12,f,double,double,gpt2_2_9,gpt2,gpt2,9.31689167022705,0.075011425,0.4943567,1.585183
384,13,a,none,grammatical,gpt2_4_3,gpt2,gpt2,5.397797584533691,0.47574127,0.038234852,1.3351306
385,13,a,none,grammatical,gpt2_3_6,gpt2,gpt2,5.397797584533691,0.055408392,0.07856713,1.3841283
386,13,a,none,grammatical,gpt2_6_0,gpt2,gpt2,5.397797584533691,0.11650225,0.11993867,1.673565
387,13,a,none,grammatical,gpt2_2_9,gpt2,gpt2,5.397797584533691,0.08133915,0.5702015,1.3368441
388,13,b,grammatical,grammatical,gpt2_4_3,gpt2,gpt2,5.076511383056641,0.44465935,0.100817494,1.4331285
389,13,b,grammatical,grammatical,gpt2_3_6,gpt2,gpt2,5.076511383056641,0.042921875,0.058813214,1.2229862
390,13,b,grammatical,grammatical,gpt2_6_0,gpt2,gpt2,5.076511383056641,0.10682156,0.19689801,1.7504058
391,13,b,grammatical,grammatical,gpt2_2_9,gpt2,gpt2,5.076511383056641,0.07085681,0.5756411,1.3102632
392,13,c,none,semantic,gpt2_4_3,gpt2,gpt2,10.69716739654541,0.3762424,0.011825184,1.014241
393,13,c,none,semantic,gpt2_3_6,gpt2,gpt2,10.69716739654541,0.15404212,0.10382501,1.7582213
394,13,c,none,semantic,gpt2_6_0,gpt2,gpt2,10.69716739654541,0.13023707,0.027163995,1.1711963
395,13,c,none,semantic,gpt2_2_9,gpt2,gpt2,10.69716739654541,0.054154158,0.23601714,1.5453393
396,13,d,semantic,semantic,gpt2_4_3,gpt2,gpt2,10.917129516601562,0.3938796,0.010114694,1.0310793
397,13,d,semantic,semantic,gpt2_3_6,gpt2,gpt2,10.917129516601562,0.11800627,0.23177886,1.7263131
398,13,d,semantic,semantic,gpt2_6_0,gpt2,gpt2,10.917129516601562,0.1469163,0.04036868,1.2377777
399,13,d,semantic,semantic,gpt2_2_9,gpt2,gpt2,10.917129516601562,0.043548208,0.3066283,1.4536697
400,13,e,none,double,gpt2_4_3,gpt2,gpt2,11.069207191467285,0.10435336,0.009907103,0.7896557
401,13,e,none,double,gpt2_3_6,gpt2,gpt2,11.069207191467285,0.11529107,0.11562049,1.7645724
402,13,e,none,double,gpt2_6_0,gpt2,gpt2,11.069207191467285,0.05496662,0.019467743,0.8121818
403,13,e,none,double,gpt2_2_9,gpt2,gpt2,11.069207191467285,0.03727988,0.24980754,1.6261625
404,13,h,grammatical,double,gpt2_4_3,gpt2,gpt2,11.034587860107422,0.13918509,0.02133232,0.8993673
405,13,h,grammatical,double,gpt2_3_6,gpt2,gpt2,11.034587860107422,0.11505969,0.07187991,1.6578112
406,13,h,grammatical,double,gpt2_6_0,gpt2,gpt2,11.034587860107422,0.054449353,0.08410623,1.0521127
407,13,h,grammatical,double,gpt2_2_9,gpt2,gpt2,11.034587860107422,0.031514987,0.2697462,1.5727537
408,13,g,semantic,double,gpt2_4_3,gpt2,gpt2,11.166061401367188,0.09789108,0.0160798,0.8336728
409,13,g,semantic,double,gpt2_3_6,gpt2,gpt2,11.166061401367188,0.0864714,0.2028869,1.7390287
410,13,g,semantic,double,gpt2_6_0,gpt2,gpt2,11.166061401367188,0.061152194,0.031452924,0.88644445
411,13,g,semantic,double,gpt2_2_9,gpt2,gpt2,11.166061401367188,0.037891425,0.23140255,1.5712633
412,13,f,double,double,gpt2_4_3,gpt2,gpt2,10.87706184387207,0.11776837,0.035164267,0.95189667
413,13,f,double,double,gpt2_3_6,gpt2,gpt2,10.87706184387207,0.09093573,0.19241494,1.7080048
414,13,f,double,double,gpt2_6_0,gpt2,gpt2,10.87706184387207,0.04753495,0.20193851,1.2177567
415,13,f,double,double,gpt2_2_9,gpt2,gpt2,10.87706184387207,0.03252203,0.22245874,1.5240191
416,14,a,none,grammatical,gpt2_4_3,gpt2,gpt2,12.039127349853516,0.5347663,0.0023354946,1.0651355
417,14,a,none,grammatical,gpt2_3_6,gpt2,gpt2,12.039127349853516,0.061972518,0.0640056,1.2803822
418,14,a,none,grammatical,gpt2_6_0,gpt2,gpt2,12.039127349853516,0.12502895,0.012126482,1.2304044
419,14,a,none,grammatical,gpt2_2_9,gpt2,gpt2,12.039127349853516,0.061854873,0.41505197,1.6468059
420,14,b,grammatical,grammatical,gpt2_4_3,gpt2,gpt2,9.553685188293457,0.520194,0.015881522,1.1660186
421,14,b,grammatical,grammatical,gpt2_3_6,gpt2,gpt2,9.553685188293457,0.07269399,0.08504456,1.3912423
422,14,b,grammatical,grammatical,gpt2_6_0,gpt2,gpt2,9.553685188293457,0.1286644,0.06406405,1.4282982
423,14,b,grammatical,grammatical,gpt2_2_9,gpt2,gpt2,9.553685188293457,0.058847185,0.44503972,1.604823
424,14,c,none,semantic,gpt2_4_3,gpt2,gpt2,8.943344175815582,0.534969,0.017816778,1.1509836
425,14,c,none,semantic,gpt2_3_6,gpt2,gpt2,8.943344175815582,0.08193195,0.05699736,1.5323935
426,14,c,none,semantic,gpt2_6_0,gpt2,gpt2,8.943344175815582,0.12678362,0.013956334,1.23012
427,14,c,none,semantic,gpt2_2_9,gpt2,gpt2,8.943344175815582,0.082680255,0.47876745,1.542198
428,14,d,semantic,semantic,gpt2_4_3,gpt2,gpt2,7.375905923545361,0.28540948,0.26137686,1.432756
429,14,d,semantic,semantic,gpt2_3_6,gpt2,gpt2,7.375905923545361,0.070297584,0.14020675,1.6212065
430,14,d,semantic,semantic,gpt2_6_0,gpt2,gpt2,7.375905923545361,0.11808117,0.031665657,1.2533464
431,14,d,semantic,semantic,gpt2_2_9,gpt2,gpt2,7.375905923545361,0.07223078,0.5328507,1.4442735
432,14,e,none,double,gpt2_4_3,gpt2,gpt2,10.848453521728516,0.3648288,0.0033473263,1.1246793
433,14,e,none,double,gpt2_3_6,gpt2,gpt2,10.848453521728516,0.12758231,0.083530836,1.7499943
434,14,e,none,double,gpt2_6_0,gpt2,gpt2,10.848453521728516,0.13746044,0.0060820035,1.2982386
435,14,e,none,double,gpt2_2_9,gpt2,gpt2,10.848453521728516,0.08150676,0.4465481,1.6016293
436,14,h,grammatical,double,gpt2_4_3,gpt2,gpt2,10.088284492492676,0.37133592,0.013315289,1.2177157
437,14,h,grammatical,double,gpt2_3_6,gpt2,gpt2,10.088284492492676,0.13692792,0.108944945,1.7494906
438,14,h,grammatical,double,gpt2_6_0,gpt2,gpt2,10.088284492492676,0.14429997,0.03667068,1.4368659
439,14,h,grammatical,double,gpt2_2_9,gpt2,gpt2,10.088284492492676,0.08210514,0.43433163,1.6112341
440,14,g,semantic,double,gpt2_4_3,gpt2,gpt2,9.375544548034668,0.32724825,0.05952247,1.2269766
441,14,g,semantic,double,gpt2_3_6,gpt2,gpt2,9.375544548034668,0.14966731,0.10399458,1.7807677
442,14,g,semantic,double,gpt2_6_0,gpt2,gpt2,9.375544548034668,0.1343933,0.01191464,1.42056
443,14,g,semantic,double,gpt2_2_9,gpt2,gpt2,9.375544548034668,0.10138897,0.3054361,1.7636478
444,14,f,double,double,gpt2_4_3,gpt2,gpt2,9.197916030883789,0.3709619,0.24696393,1.4104335
445,14,f,double,double,gpt2_3_6,gpt2,gpt2,9.197916030883789,0.14869861,0.11065367,1.8760695
446,14,f,double,double,gpt2_6_0,gpt2,gpt2,9.197916030883789,0.18022737,0.078343704,1.6541376
447,14,f,double,double,gpt2_2_9,gpt2,gpt2,9.197916030883789,0.06716879,0.5027394,1.7610111
448,15,a,none,grammatical,gpt2_4_3,gpt2,gpt2,13.027774810791016,0.60848725,0.0067104823,0.982847
449,15,a,none,grammatical,gpt2_3_6,gpt2,gpt2,13.027774810791016,0.24624921,0.10762303,1.7526022
450,15,a,none,grammatical,gpt2_6_0,gpt2,gpt2,13.027774810791016,0.24599572,0.01569983,1.5477884
451,15,a,none,grammatical,gpt2_2_9,gpt2,gpt2,13.027774810791016,0.064016625,0.5204201,1.4944121
452,15,b,grammatical,grammatical,gpt2_4_3,gpt2,gpt2,11.126489639282227,0.573414,0.050859746,1.1736866
453,15,b,grammatical,grammatical,gpt2_3_6,gpt2,gpt2,11.126489639282227,0.214436,0.15519753,1.8644769
454,15,b,grammatical,grammatical,gpt2_6_0,gpt2,gpt2,11.126489639282227,0.23254953,0.039838366,1.6721151
455,15,b,grammatical,grammatical,gpt2_2_9,gpt2,gpt2,11.126489639282227,0.04719694,0.5503159,1.768583
456,15,c,none,semantic,gpt2_4_3,gpt2,gpt2,9.552928924560547,0.26866493,0.01322375,0.8656683
457,15,c,none,semantic,gpt2_3_6,gpt2,gpt2,9.552928924560547,0.34979436,0.14591756,1.6133033
458,15,c,none,semantic,gpt2_6_0,gpt2,gpt2,9.552928924560547,0.14908017,0.018064663,1.5292931
459,15,c,none,semantic,gpt2_2_9,gpt2,gpt2,9.552928924560547,0.086718895,0.3497428,1.7554282
460,15,d,semantic,semantic,gpt2_4_3,gpt2,gpt2,8.879215240478516,0.27590033,0.048481412,1.078944
461,15,d,semantic,semantic,gpt2_3_6,gpt2,gpt2,8.879215240478516,0.27428305,0.16623892,1.8396635
462,15,d,semantic,semantic,gpt2_6_0,gpt2,gpt2,8.879215240478516,0.19314426,0.015272966,1.6229117
463,15,d,semantic,semantic,gpt2_2_9,gpt2,gpt2,8.879215240478516,0.040139478,0.4668038,1.6173928
464,15,e,none,double,gpt2_4_3,gpt2,gpt2,10.766651153564453,0.22871536,0.014864703,0.87497467
465,15,e,none,double,gpt2_3_6,gpt2,gpt2,10.766651153564453,0.2689344,0.17443423,1.7446483
466,15,e,none,double,gpt2_6_0,gpt2,gpt2,10.766651153564453,0.1324369,0.012487016,1.5095763
467,15,e,none,double,gpt2_2_9,gpt2,gpt2,10.766651153564453,0.09460147,0.34018964,1.7630153
468,15,h,grammatical,double,gpt2_4_3,gpt2,gpt2,9.777231216430664,0.24743819,0.046247937,1.0642582
469,15,h,grammatical,double,gpt2_3_6,gpt2,gpt2,9.777231216430664,0.24601974,0.23306155,1.8631902
470,15,h,grammatical,double,gpt2_6_0,gpt2,gpt2,9.777231216430664,0.11378173,0.04389234,1.6159196
471,15,h,grammatical,double,gpt2_2_9,gpt2,gpt2,9.777231216430664,0.06336573,0.48363718,1.8742307
472,15,g,semantic,double,gpt2_4_3,gpt2,gpt2,9.741893768310547,0.21958892,0.11450457,1.2681056
473,15,g,semantic,double,gpt2_3_6,gpt2,gpt2,9.741893768310547,0.18845941,0.21848668,1.8550936
474,15,g,semantic,double,gpt2_6_0,gpt2,gpt2,9.741893768310547,0.14991601,0.01809564,1.6212441
475,15,g,semantic,double,gpt2_2_9,gpt2,gpt2,9.741893768310547,0.04633658,0.4326957,1.6707705
476,15,f,double,double,gpt2_4_3,gpt2,gpt2,9.531633377075195,0.2651799,0.1254705,1.2974315
477,15,f,double,double,gpt2_3_6,gpt2,gpt2,9.531633377075195,0.1949228,0.2147482,1.8538675
478,15,f,double,double,gpt2_6_0,gpt2,gpt2,9.531633377075195,0.12075828,0.043646168,1.6695273
479,15,f,double,double,gpt2_2_9,gpt2,gpt2,9.531633377075195,0.033738874,0.5849457,1.3989441
480,16,a,none,grammatical,gpt2_4_3,gpt2,gpt2,12.90818452835083,0.13035546,0.19244583,1.3169066
481,16,a,none,grammatical,gpt2_3_6,gpt2,gpt2,12.90818452835083,0.038939655,0.25246298,1.8904116
482,16,a,none,grammatical,gpt2_6_0,gpt2,gpt2,12.90818452835083,0.098301366,0.058757808,1.3701125
483,16,a,none,grammatical,gpt2_2_9,gpt2,gpt2,12.90818452835083,0.03189935,0.59405714,1.6506152
484,16,b,grammatical,grammatical,gpt2_4_3,gpt2,gpt2,11.848737001419067,0.14523661,0.14298081,1.2747649
485,16,b,grammatical,grammatical,gpt2_3_6,gpt2,gpt2,11.848737001419067,0.039197993,0.23489614,1.8655001
486,16,b,grammatical,grammatical,gpt2_6_0,gpt2,gpt2,11.848737001419067,0.10286048,0.07797079,1.4171746
487,16,b,grammatical,grammatical,gpt2_2_9,gpt2,gpt2,11.848737001419067,0.034637716,0.55866843,1.7040648
488,16,c,none,semantic,gpt2_4_3,gpt2,gpt2,9.249660849571228,0.03548559,0.17710459,1.3870591
489,16,c,none,semantic,gpt2_3_6,gpt2,gpt2,9.249660849571228,0.031724125,0.2680272,1.8405385
490,16,c,none,semantic,gpt2_6_0,gpt2,gpt2,9.249660849571228,0.047724094,0.1985568,1.2421256
491,16,c,none,semantic,gpt2_2_9,gpt2,gpt2,9.249660849571228,0.015224715,0.5843624,1.5148867
492,16,d,semantic,semantic,gpt2_4_3,gpt2,gpt2,10.421108722686768,0.05925109,0.010251049,1.1671568
493,16,d,semantic,semantic,gpt2_3_6,gpt2,gpt2,10.421108722686768,0.03215764,0.047075562,1.6583042
494,16,d,semantic,semantic,gpt2_6_0,gpt2,gpt2,10.421108722686768,0.052407768,0.004608031,0.6952865
495,16,d,semantic,semantic,gpt2_2_9,gpt2,gpt2,10.421108722686768,0.016682256,0.21595944,1.5520632
496,16,e,none,double,gpt2_4_3,gpt2,gpt2,11.125179767608643,0.03548559,0.17710459,1.3870591
497,16,e,none,double,gpt2_3_6,gpt2,gpt2,11.125179767608643,0.031724125,0.2680272,1.8405385
498,16,e,none,double,gpt2_6_0,gpt2,gpt2,11.125179767608643,0.047724094,0.1985568,1.2421256
499,16,e,none,double,gpt2_2_9,gpt2,gpt2,11.125179767608643,0.015224715,0.5843624,1.5148867
500,16,h,grammatical,double,gpt2_4_3,gpt2,gpt2,11.04421091079712,0.057138454,0.026651878,1.2542895
501,16,h,grammatical,double,gpt2_3_6,gpt2,gpt2,11.04421091079712,0.032283887,0.23904908,1.8213065
502,16,h,grammatical,double,gpt2_6_0,gpt2,gpt2,11.04421091079712,0.07024811,0.03733683,0.8993968
503,16,h,grammatical,double,gpt2_2_9,gpt2,gpt2,11.04421091079712,0.014470845,0.59616745,1.5076169
504,16,g,semantic,double,gpt2_4_3,gpt2,gpt2,11.431736469268799,0.05925109,0.010251049,1.1671568
505,16,g,semantic,double,gpt2_3_6,gpt2,gpt2,11.431736469268799,0.03215764,0.047075562,1.6583042
506,16,g,semantic,double,gpt2_6_0,gpt2,gpt2,11.431736469268799,0.052407768,0.004608031,0.6952865
507,16,g,semantic,double,gpt2_2_9,gpt2,gpt2,11.431736469268799,0.016682256,0.21595944,1.5520632
508,16,f,double,double,gpt2_4_3,gpt2,gpt2,11.3119215965271,0.062046424,0.0016785486,1.2201297
509,16,f,double,double,gpt2_3_6,gpt2,gpt2,11.3119215965271,0.030732583,0.058635063,1.6591288
510,16,f,double,double,gpt2_6_0,gpt2,gpt2,11.3119215965271,0.051181834,0.0010235251,0.63626707
511,16,f,double,double,gpt2_2_9,gpt2,gpt2,11.3119215965271,0.01659573,0.2104149,1.5525557
512,17,a,none,grammatical,gpt2_4_3,gpt2,gpt2,8.718926191329956,0.3960855,0.08273167,1.2973725
513,17,a,none,grammatical,gpt2_3_6,gpt2,gpt2,8.718926191329956,0.028184598,0.22382326,1.7455233
514,17,a,none,grammatical,gpt2_6_0,gpt2,gpt2,8.718926191329956,0.1712475,0.08475438,1.7855729
515,17,a,none,grammatical,gpt2_2_9,gpt2,gpt2,8.718926191329956,0.024296643,0.5386384,1.4449567
516,17,b,grammatical,grammatical,gpt2_4_3,gpt2,gpt2,7.140731930732727,0.2666846,0.21203236,1.4158823
517,17,b,grammatical,grammatical,gpt2_3_6,gpt2,gpt2,7.140731930732727,0.024834426,0.18472049,1.7165639
518,17,b,grammatical,grammatical,gpt2_6_0,gpt2,gpt2,7.140731930732727,0.12093766,0.19160913,1.7915595
519,17,b,grammatical,grammatical,gpt2_2_9,gpt2,gpt2,7.140731930732727,0.02229423,0.5692364,1.3795885
520,17,c,none,semantic,gpt2_4_3,gpt2,gpt2,6.891375541687012,0.8143915,0.028058173,0.6815196
521,17,c,none,semantic,gpt2_3_6,gpt2,gpt2,6.891375541687012,0.07399088,0.30778295,1.7377319
522,17,c,none,semantic,gpt2_6_0,gpt2,gpt2,6.891375541687012,0.33997765,0.058576334,1.5401887
523,17,c,none,semantic,gpt2_2_9,gpt2,gpt2,6.891375541687012,0.017227005,0.6101362,1.2885938
524,17,d,semantic,semantic,gpt2_4_3,gpt2,gpt2,5.670022010803223,0.6911902,0.0267324,0.8900356
525,17,d,semantic,semantic,gpt2_3_6,gpt2,gpt2,5.670022010803223,0.061561283,0.14714861,1.737931
526,17,d,semantic,semantic,gpt2_6_0,gpt2,gpt2,5.670022010803223,0.31508073,0.033972282,1.4801701
527,17,d,semantic,semantic,gpt2_2_9,gpt2,gpt2,5.670022010803223,0.021162704,0.5247882,1.4565784
528,17,e,none,double,gpt2_4_3,gpt2,gpt2,9.404940605163574,0.4075421,0.075636625,1.2126596
529,17,e,none,double,gpt2_3_6,gpt2,gpt2,9.404940605163574,0.07395761,0.2037454,1.8119221
530,17,e,none,double,gpt2_6_0,gpt2,gpt2,9.404940605163574,0.22629426,0.03993987,1.5361278
531,17,e,none,double,gpt2_2_9,gpt2,gpt2,9.404940605163574,0.017418716,0.53813845,1.4227512
532,17,h,grammatical,double,gpt2_4_3,gpt2,gpt2,9.15349292755127,0.33310744,0.20703709,1.3741536
533,17,h,grammatical,double,gpt2_3_6,gpt2,gpt2,9.15349292755127,0.06316182,0.25186098,1.7509973
534,17,h,grammatical,double,gpt2_6_0,gpt2,gpt2,9.15349292755127,0.23359346,0.1147741,1.6745499
535,17,h,grammatical,double,gpt2_2_9,gpt2,gpt2,9.15349292755127,0.015557605,0.5672903,1.3599538
536,17,g,semantic,double,gpt2_4_3,gpt2,gpt2,8.520150184631348,0.26929578,0.053457744,1.1171162
537,17,g,semantic,double,gpt2_3_6,gpt2,gpt2,8.520150184631348,0.0561044,0.17460527,1.7608259
538,17,g,semantic,double,gpt2_6_0,gpt2,gpt2,8.520150184631348,0.20350926,0.03189218,1.4795368
539,17,g,semantic,double,gpt2_2_9,gpt2,gpt2,8.520150184631348,0.017834159,0.4945277,1.5025656
540,17,f,double,double,gpt2_4_3,gpt2,gpt2,8.081098556518555,0.27452615,0.15650876,1.2829742
541,17,f,double,double,gpt2_3_6,gpt2,gpt2,8.081098556518555,0.04840955,0.2089415,1.7272636
542,17,f,double,double,gpt2_6_0,gpt2,gpt2,8.081098556518555,0.21935478,0.07604881,1.6049442
543,17,f,double,double,gpt2_2_9,gpt2,gpt2,8.081098556518555,0.015743665,0.5165285,1.4590725
544,18,a,none,grammatical,gpt2_4_3,gpt2,gpt2,10.72047233581543,0.29869923,0.0492487,1.2493088
545,18,a,none,grammatical,gpt2_3_6,gpt2,gpt2,10.72047233581543,0.06898686,0.17930035,1.8552885
546,18,a,none,grammatical,gpt2_6_0,gpt2,gpt2,10.72047233581543,0.121927,0.018383184,1.38635
547,18,a,none,grammatical,gpt2_2_9,gpt2,gpt2,10.72047233581543,0.07198196,0.28794575,1.8675492
548,18,b,grammatical,grammatical,gpt2_4_3,gpt2,gpt2,10.357280731201172,0.2966059,0.16572306,1.4469776
549,18,b,grammatical,grammatical,gpt2_3_6,gpt2,gpt2,10.357280731201172,0.061706115,0.2084924,1.8210053
550,18,b,grammatical,grammatical,gpt2_6_0,gpt2,gpt2,10.357280731201172,0.12129675,0.078449264,1.5855328
551,18,b,grammatical,grammatical,gpt2_2_9,gpt2,gpt2,10.357280731201172,0.06693974,0.3133162,1.8334676
552,18,c,none,semantic,gpt2_4_3,gpt2,gpt2,14.428062703460455,0.18408753,0.18265377,1.4174136
553,18,c,none,semantic,gpt2_3_6,gpt2,gpt2,14.428062703460455,0.0640759,0.12667166,1.7606308
554,18,c,none,semantic,gpt2_6_0,gpt2,gpt2,14.428062703460455,0.10545898,0.06044695,1.5457134
555,18,c,none,semantic,gpt2_2_9,gpt2,gpt2,14.428062703460455,0.028658528,0.43984553,1.6296303
556,18,d,semantic,semantic,gpt2_4_3,gpt2,gpt2,13.88276432082057,0.32005388,0.083403744,1.3979884
557,18,d,semantic,semantic,gpt2_3_6,gpt2,gpt2,13.88276432082057,0.05606132,0.24565834,1.7817461
558,18,d,semantic,semantic,gpt2_6_0,gpt2,gpt2,13.88276432082057,0.11611251,0.032945238,1.5433743
559,18,d,semantic,semantic,gpt2_2_9,gpt2,gpt2,13.88276432082057,0.01810213,0.62941045,1.2734762
560,18,e,none,double,gpt2_4_3,gpt2,gpt2,14.370716571807861,0.18408753,0.18265377,1.4174136
561,18,e,none,double,gpt2_3_6,gpt2,gpt2,14.370716571807861,0.0640759,0.12667166,1.7606308
562,18,e,none,double,gpt2_6_0,gpt2,gpt2,14.370716571807861,0.10545898,0.06044695,1.5457134
563,18,e,none,double,gpt2_2_9,gpt2,gpt2,14.370716571807861,0.028658528,0.43984553,1.6296303
564,18,h,grammatical,double,gpt2_4_3,gpt2,gpt2,14.308076858520508,0.15643065,0.25430727,1.433456
565,18,h,grammatical,double,gpt2_3_6,gpt2,gpt2,14.308076858520508,0.055079352,0.12536696,1.7219051
566,18,h,grammatical,double,gpt2_6_0,gpt2,gpt2,14.308076858520508,0.0835203,0.082970135,1.5501647
567,18,h,grammatical,double,gpt2_2_9,gpt2,gpt2,14.308076858520508,0.028739508,0.41568446,1.6540488
568,18,g,semantic,double,gpt2_4_3,gpt2,gpt2,13.849267482757568,0.32005388,0.083403744,1.3979884
569,18,g,semantic,double,gpt2_3_6,gpt2,gpt2,13.849267482757568,0.05606132,0.24565834,1.7817461
570,18,g,semantic,double,gpt2_6_0,gpt2,gpt2,13.849267482757568,0.11611251,0.032945238,1.5433743
571,18,g,semantic,double,gpt2_2_9,gpt2,gpt2,13.849267482757568,0.01810213,0.62941045,1.2734762
572,18,f,double,double,gpt2_4_3,gpt2,gpt2,13.595898151397705,0.25648934,0.09083932,1.456448
573,18,f,double,double,gpt2_3_6,gpt2,gpt2,13.595898151397705,0.050571315,0.25178707,1.7379342
574,18,f,double,double,gpt2_6_0,gpt2,gpt2,13.595898151397705,0.08535832,0.08106352,1.5838686
575,18,f,double,double,gpt2_2_9,gpt2,gpt2,13.595898151397705,0.01999167,0.57596934,1.3823205
576,19,a,none,grammatical,gpt2_4_3,gpt2,gpt2,7.728085041046143,0.71833783,0.017530803,0.8116757
577,19,a,none,grammatical,gpt2_3_6,gpt2,gpt2,7.728085041046143,0.04664455,0.1904417,1.7211131
578,19,a,none,grammatical,gpt2_6_0,gpt2,gpt2,7.728085041046143,0.23809776,0.03390449,1.5965765
579,19,a,none,grammatical,gpt2_2_9,gpt2,gpt2,7.728085041046143,0.01599333,0.5533668,1.3482641
580,19,b,grammatical,grammatical,gpt2_4_3,gpt2,gpt2,7.625009536743164,0.7389367,0.042815164,0.8465737
581,19,b,grammatical,grammatical,gpt2_3_6,gpt2,gpt2,7.625009536743164,0.040563483,0.20420063,1.6657556
582,19,b,grammatical,grammatical,gpt2_6_0,gpt2,gpt2,7.625009536743164,0.21555912,0.05262486,1.6719905
583,19,b,grammatical,grammatical,gpt2_2_9,gpt2,gpt2,7.625009536743164,0.016245788,0.5092926,1.3957388
584,19,c,none,semantic,gpt2_4_3,gpt2,gpt2,8.077228546142578,0.6666765,0.064674884,1.0337029
585,19,c,none,semantic,gpt2_3_6,gpt2,gpt2,8.077228546142578,0.0685054,0.22678012,1.7947919
586,19,c,none,semantic,gpt2_6_0,gpt2,gpt2,8.077228546142578,0.32147565,0.026112858,1.5237842
587,19,c,none,semantic,gpt2_2_9,gpt2,gpt2,8.077228546142578,0.03771944,0.48641747,1.5489389
588,19,d,semantic,semantic,gpt2_4_3,gpt2,gpt2,7.114513397216797,0.67117774,0.030690249,0.95650107
589,19,d,semantic,semantic,gpt2_3_6,gpt2,gpt2,7.114513397216797,0.06302172,0.22261053,1.7412367
590,19,d,semantic,semantic,gpt2_6_0,gpt2,gpt2,7.114513397216797,0.3482624,0.01909428,1.5736012
591,19,d,semantic,semantic,gpt2_2_9,gpt2,gpt2,7.114513397216797,0.03978599,0.46208674,1.5748924
592,19,e,none,double,gpt2_4_3,gpt2,gpt2,11.63192367553711,0.43434215,0.09950191,1.2472101
593,19,e,none,double,gpt2_3_6,gpt2,gpt2,11.63192367553711,0.04445823,0.32581744,1.7404363
594,19,e,none,double,gpt2_6_0,gpt2,gpt2,11.63192367553711,0.33122945,0.037017506,1.5222261
595,19,e,none,double,gpt2_2_9,gpt2,gpt2,11.63192367553711,0.026049675,0.41667402,1.6121681
596,19,h,grammatical,double,gpt2_4_3,gpt2,gpt2,9.56328010559082,0.32138735,0.38917065,1.3405933
597,19,h,grammatical,double,gpt2_3_6,gpt2,gpt2,9.56328010559082,0.046735834,0.28684968,1.7393372
598,19,h,grammatical,double,gpt2_6_0,gpt2,gpt2,9.56328010559082,0.26445943,0.07678519,1.695995
599,19,h,grammatical,double,gpt2_2_9,gpt2,gpt2,9.56328010559082,0.021991972,0.4720222,1.5162451
600,19,g,semantic,double,gpt2_4_3,gpt2,gpt2,10.311298370361328,0.4137409,0.05236281,1.1413103
601,19,g,semantic,double,gpt2_3_6,gpt2,gpt2,10.311298370361328,0.04546816,0.20340967,1.7597506
602,19,g,semantic,double,gpt2_6_0,gpt2,gpt2,10.311298370361328,0.335202,0.023761794,1.575204
603,19,g,semantic,double,gpt2_2_9,gpt2,gpt2,10.311298370361328,0.030333508,0.305811,1.7085493
604,19,f,double,double,gpt2_4_3,gpt2,gpt2,9.06435489654541,0.42834827,0.14345236,1.2940183
605,19,f,double,double,gpt2_3_6,gpt2,gpt2,9.06435489654541,0.043361038,0.27620685,1.7209451
606,19,f,double,double,gpt2_6_0,gpt2,gpt2,9.06435489654541,0.3089046,0.062433757,1.7169168
607,19,f,double,double,gpt2_2_9,gpt2,gpt2,9.06435489654541,0.024404489,0.40781215,1.5928687
608,20,a,none,grammatical,gpt2_4_3,gpt2,gpt2,11.326951026916504,0.3433065,0.15126488,1.3961942
609,20,a,none,grammatical,gpt2_3_6,gpt2,gpt2,11.326951026916504,0.08504248,0.2266185,1.727639
610,20,a,none,grammatical,gpt2_6_0,gpt2,gpt2,11.326951026916504,0.1148759,0.04584936,1.6076903
611,20,a,none,grammatical,gpt2_2_9,gpt2,gpt2,11.326951026916504,0.07675319,0.4381673,1.6659522
612,20,b,grammatical,grammatical,gpt2_4_3,gpt2,gpt2,9.667096138000488,0.23945746,0.41099763,1.3903999
613,20,b,grammatical,grammatical,gpt2_3_6,gpt2,gpt2,9.667096138000488,0.09078173,0.18442729,1.7166896
614,20,b,grammatical,grammatical,gpt2_6_0,gpt2,gpt2,9.667096138000488,0.1027077,0.15040594,1.7924448
615,20,b,grammatical,grammatical,gpt2_2_9,gpt2,gpt2,9.667096138000488,0.06939367,0.45998335,1.6264896
616,20,c,none,semantic,gpt2_4_3,gpt2,gpt2,8.072822570800781,0.70160234,0.08216614,1.0058497
617,20,c,none,semantic,gpt2_3_6,gpt2,gpt2,8.072822570800781,0.134496,0.1262205,1.707105
618,20,c,none,semantic,gpt2_6_0,gpt2,gpt2,8.072822570800781,0.21690974,0.06006486,1.7102878
619,20,c,none,semantic,gpt2_2_9,gpt2,gpt2,8.072822570800781,0.15297611,0.5024618,1.5329179
620,20,d,semantic,semantic,gpt2_4_3,gpt2,gpt2,8.013115882873535,0.6738711,0.051122483,1.0337747
621,20,d,semantic,semantic,gpt2_3_6,gpt2,gpt2,8.013115882873535,0.12169883,0.20601837,1.7022007
622,20,d,semantic,semantic,gpt2_6_0,gpt2,gpt2,8.013115882873535,0.22003932,0.0587282,1.6800107
623,20,d,semantic,semantic,gpt2_2_9,gpt2,gpt2,8.013115882873535,0.14208256,0.5121039,1.5271666
624,20,e,none,double,gpt2_4_3,gpt2,gpt2,11.634735107421875,0.39108935,0.061426397,1.3267857
625,20,e,none,double,gpt2_3_6,gpt2,gpt2,11.634735107421875,0.107306354,0.087676205,1.6489105
626,20,e,none,double,gpt2_6_0,gpt2,gpt2,11.634735107421875,0.113373026,0.041831262,1.5801126
627,20,e,none,double,gpt2_2_9,gpt2,gpt2,11.634735107421875,0.14060819,0.36238387,1.756911
628,20,h,grammatical,double,gpt2_4_3,gpt2,gpt2,9.996171951293945,0.25083718,0.40839043,1.4128721
629,20,h,grammatical,double,gpt2_3_6,gpt2,gpt2,9.996171951293945,0.10706318,0.0986345,1.6679759
630,20,h,grammatical,double,gpt2_6_0,gpt2,gpt2,9.996171951293945,0.11653525,0.11225309,1.7661651
631,20,h,grammatical,double,gpt2_2_9,gpt2,gpt2,9.996171951293945,0.12511249,0.38478363,1.7270749
632,20,g,semantic,double,gpt2_4_3,gpt2,gpt2,11.258698463439941,0.37002987,0.04645587,1.2352958
633,20,g,semantic,double,gpt2_3_6,gpt2,gpt2,11.258698463439941,0.115981795,0.1513848,1.6717064
634,20,g,semantic,double,gpt2_6_0,gpt2,gpt2,11.258698463439941,0.11829681,0.033999138,1.5015824
635,20,g,semantic,double,gpt2_2_9,gpt2,gpt2,11.258698463439941,0.10124267,0.49661136,1.5775151
636,20,f,double,double,gpt2_4_3,gpt2,gpt2,10.148432731628418,0.35507485,0.22090434,1.4167452
637,20,f,double,double,gpt2_3_6,gpt2,gpt2,10.148432731628418,0.115767226,0.17444278,1.6748269
638,20,f,double,double,gpt2_6_0,gpt2,gpt2,10.148432731628418,0.12742764,0.06983351,1.6838508
639,20,f,double,double,gpt2_2_9,gpt2,gpt2,10.148432731628418,0.07880549,0.5785937,1.420696
640,21,a,none,grammatical,gpt2_4_3,gpt2,gpt2,8.517107009887695,0.29431456,0.05091618,1.303828
641,21,a,none,grammatical,gpt2_3_6,gpt2,gpt2,8.517107009887695,0.092942424,0.21437602,1.6305842
642,21,a,none,grammatical,gpt2_6_0,gpt2,gpt2,8.517107009887695,0.2765282,0.14545678,1.7788761
643,21,a,none,grammatical,gpt2_2_9,gpt2,gpt2,8.517107009887695,0.063001886,0.66408575,1.1835393
644,21,b,grammatical,grammatical,gpt2_4_3,gpt2,gpt2,7.999175071716309,0.23443434,0.14750822,1.4478786
645,21,b,grammatical,grammatical,gpt2_3_6,gpt2,gpt2,7.999175071716309,0.081963375,0.24257101,1.6137072
646,21,b,grammatical,grammatical,gpt2_6_0,gpt2,gpt2,7.999175071716309,0.23521177,0.22493622,1.809847
647,21,b,grammatical,grammatical,gpt2_2_9,gpt2,gpt2,7.999175071716309,0.055903558,0.6392461,1.229156
648,21,c,none,semantic,gpt2_4_3,gpt2,gpt2,9.146051406860352,0.51643384,0.059439186,1.2499806
649,21,c,none,semantic,gpt2_3_6,gpt2,gpt2,9.146051406860352,0.17271174,0.13870105,1.7005621
650,21,c,none,semantic,gpt2_6_0,gpt2,gpt2,9.146051406860352,0.21169531,0.10934618,1.7486563
651,21,c,none,semantic,gpt2_2_9,gpt2,gpt2,9.146051406860352,0.09277269,0.5031324,1.5054502
652,21,d,semantic,semantic,gpt2_4_3,gpt2,gpt2,6.342713356018066,0.48831943,0.20761354,1.307203
653,21,d,semantic,semantic,gpt2_3_6,gpt2,gpt2,6.342713356018066,0.19485052,0.13765751,1.7370079
654,21,d,semantic,semantic,gpt2_6_0,gpt2,gpt2,6.342713356018066,0.21249042,0.17633471,1.8132111
655,21,d,semantic,semantic,gpt2_2_9,gpt2,gpt2,6.342713356018066,0.10391348,0.38672552,1.6642351
656,21,e,none,double,gpt2_4_3,gpt2,gpt2,12.269800186157227,0.31975302,0.04257543,1.3905374
657,21,e,none,double,gpt2_3_6,gpt2,gpt2,12.269800186157227,0.2061451,0.19536498,1.6828735
658,21,e,none,double,gpt2_6_0,gpt2,gpt2,12.269800186157227,0.13419275,0.0786264,1.6530719
659,21,e,none,double,gpt2_2_9,gpt2,gpt2,12.269800186157227,0.10293909,0.5765645,1.3795766
660,21,h,grammatical,double,gpt2_4_3,gpt2,gpt2,10.61929988861084,0.2279734,0.2251778,1.5535614
661,21,h,grammatical,double,gpt2_3_6,gpt2,gpt2,10.61929988861084,0.18361887,0.20834577,1.6425136
662,21,h,grammatical,double,gpt2_6_0,gpt2,gpt2,10.61929988861084,0.11276302,0.16680627,1.6989732
663,21,h,grammatical,double,gpt2_2_9,gpt2,gpt2,10.61929988861084,0.093462095,0.550947,1.4239701
664,21,g,semantic,double,gpt2_4_3,gpt2,gpt2,9.809464454650879,0.30610803,0.24401721,1.4676435
665,21,g,semantic,double,gpt2_3_6,gpt2,gpt2,9.809464454650879,0.25812945,0.20005718,1.7222036
666,21,g,semantic,double,gpt2_6_0,gpt2,gpt2,9.809464454650879,0.15392649,0.25191474,1.7348291
667,21,g,semantic,double,gpt2_2_9,gpt2,gpt2,9.809464454650879,0.12143989,0.38114944,1.679327
668,21,f,double,double,gpt2_4_3,gpt2,gpt2,7.566181182861328,0.25796607,0.33466598,1.4823687
669,21,f,double,double,gpt2_3_6,gpt2,gpt2,7.566181182861328,0.27096644,0.115151204,1.6742091
670,21,f,double,double,gpt2_6_0,gpt2,gpt2,7.566181182861328,0.12555756,0.24948066,1.7453862
671,21,f,double,double,gpt2_2_9,gpt2,gpt2,7.566181182861328,0.089620754,0.4989338,1.5138775
672,22,a,none,grammatical,gpt2_4_3,gpt2,gpt2,9.318798065185547,0.3877847,0.027436402,1.3906105
673,22,a,none,grammatical,gpt2_3_6,gpt2,gpt2,9.318798065185547,0.08212793,0.15558723,1.6957667
674,22,a,none,grammatical,gpt2_6_0,gpt2,gpt2,9.318798065185547,0.13096872,0.06061085,1.5080054
675,22,a,none,grammatical,gpt2_2_9,gpt2,gpt2,9.318798065185547,0.065064125,0.38619095,1.6410766
676,22,b,grammatical,grammatical,gpt2_4_3,gpt2,gpt2,9.3611421585083,0.37246183,0.0249097,1.3967602
677,22,b,grammatical,grammatical,gpt2_3_6,gpt2,gpt2,9.3611421585083,0.07711202,0.11371041,1.6227095
678,22,b,grammatical,grammatical,gpt2_6_0,gpt2,gpt2,9.3611421585083,0.1354382,0.0448457,1.4872619
679,22,b,grammatical,grammatical,gpt2_2_9,gpt2,gpt2,9.3611421585083,0.05779877,0.37329295,1.6540843
680,22,c,none,semantic,gpt2_4_3,gpt2,gpt2,10.433500707149506,0.27347514,0.19722676,1.4627051
681,22,c,none,semantic,gpt2_3_6,gpt2,gpt2,10.433500707149506,0.0869701,0.18749973,1.7451868
682,22,c,none,semantic,gpt2_6_0,gpt2,gpt2,10.433500707149506,0.07860825,0.059396192,1.415645
683,22,c,none,semantic,gpt2_2_9,gpt2,gpt2,10.433500707149506,0.06399326,0.45631298,1.5987344
684,22,d,semantic,semantic,gpt2_4_3,gpt2,gpt2,8.40450245141983,0.14147966,0.20036143,1.8096739
685,22,d,semantic,semantic,gpt2_3_6,gpt2,gpt2,8.40450245141983,0.05555865,0.19792777,1.7929065
686,22,d,semantic,semantic,gpt2_6_0,gpt2,gpt2,8.40450245141983,0.055268213,0.04907858,1.5355681
687,22,d,semantic,semantic,gpt2_2_9,gpt2,gpt2,8.40450245141983,0.025769833,0.5355499,1.7940093
688,22,e,none,double,gpt2_4_3,gpt2,gpt2,14.116362571716309,0.21476729,0.20438062,1.3849915
689,22,e,none,double,gpt2_3_6,gpt2,gpt2,14.116362571716309,0.084158,0.23667759,1.6178558
690,22,e,none,double,gpt2_6_0,gpt2,gpt2,14.116362571716309,0.060426198,0.06745292,1.5730679
691,22,e,none,double,gpt2_2_9,gpt2,gpt2,14.116362571716309,0.0372395,0.4127684,1.5992111
692,22,h,grammatical,double,gpt2_4_3,gpt2,gpt2,13.303044319152832,0.25057918,0.10925626,1.296365
693,22,h,grammatical,double,gpt2_3_6,gpt2,gpt2,13.303044319152832,0.08795373,0.13547775,1.5857606
694,22,h,grammatical,double,gpt2_6_0,gpt2,gpt2,13.303044319152832,0.053093906,0.04828749,1.4854231
695,22,h,grammatical,double,gpt2_2_9,gpt2,gpt2,13.303044319152832,0.03554453,0.38331246,1.6297705
696,22,g,semantic,double,gpt2_4_3,gpt2,gpt2,13.229630470275879,0.10576445,0.17053692,1.6833284
697,22,g,semantic,double,gpt2_3_6,gpt2,gpt2,13.229630470275879,0.04659966,0.1965375,1.7603948
698,22,g,semantic,double,gpt2_6_0,gpt2,gpt2,13.229630470275879,0.045288857,0.058153793,1.6787966
699,22,g,semantic,double,gpt2_2_9,gpt2,gpt2,13.229630470275879,0.013653874,0.48735887,1.8009971
700,22,f,double,double,gpt2_4_3,gpt2,gpt2,12.328027725219727,0.09414828,0.19184831,1.6431235
701,22,f,double,double,gpt2_3_6,gpt2,gpt2,12.328027725219727,0.04287783,0.21752676,1.7437836
702,22,f,double,double,gpt2_6_0,gpt2,gpt2,12.328027725219727,0.038287837,0.058110077,1.645247
703,22,f,double,double,gpt2_2_9,gpt2,gpt2,12.328027725219727,0.011814759,0.48297215,1.787045
704,23,a,none,grammatical,gpt2_4_3,gpt2,gpt2,8.13752269744873,0.57778436,0.011379896,1.1078702
705,23,a,none,grammatical,gpt2_3_6,gpt2,gpt2,8.13752269744873,0.069300346,0.18812796,1.4806193
706,23,a,none,grammatical,gpt2_6_0,gpt2,gpt2,8.13752269744873,0.13337937,0.01680071,1.2515965
707,23,a,none,grammatical,gpt2_2_9,gpt2,gpt2,8.13752269744873,0.03878449,0.59069574,1.2677214
708,23,b,grammatical,grammatical,gpt2_4_3,gpt2,gpt2,6.91593074798584,0.63937384,0.02205522,1.0538509
709,23,b,grammatical,grammatical,gpt2_3_6,gpt2,gpt2,6.91593074798584,0.060778603,0.1561392,1.3661611
710,23,b,grammatical,grammatical,gpt2_6_0,gpt2,gpt2,6.91593074798584,0.12876973,0.047530286,1.3712124
711,23,b,grammatical,grammatical,gpt2_2_9,gpt2,gpt2,6.91593074798584,0.027855217,0.66839325,1.0970948
712,23,c,none,semantic,gpt2_4_3,gpt2,gpt2,8.984545707702637,0.7712735,0.033748526,0.8255126
713,23,c,none,semantic,gpt2_3_6,gpt2,gpt2,8.984545707702637,0.0399878,0.08415238,1.3142339
714,23,c,none,semantic,gpt2_6_0,gpt2,gpt2,8.984545707702637,0.22430462,0.08026577,1.5588859
715,23,c,none,semantic,gpt2_2_9,gpt2,gpt2,8.984545707702637,0.05414369,0.6513598,1.2541845
716,23,d,semantic,semantic,gpt2_4_3,gpt2,gpt2,8.261727333068848,0.7911993,0.019389689,0.7635352
717,23,d,semantic,semantic,gpt2_3_6,gpt2,gpt2,8.261727333068848,0.06031838,0.07314293,1.3007321
718,23,d,semantic,semantic,gpt2_6_0,gpt2,gpt2,8.261727333068848,0.25273198,0.046633456,1.5532755
719,23,d,semantic,semantic,gpt2_2_9,gpt2,gpt2,8.261727333068848,0.085329756,0.5919115,1.3785067
720,23,e,none,double,gpt2_4_3,gpt2,gpt2,9.408846855163574,0.6665136,0.07501363,1.073955
721,23,e,none,double,gpt2_3_6,gpt2,gpt2,9.408846855163574,0.05612911,0.15112536,1.4511483
722,23,e,none,double,gpt2_6_0,gpt2,gpt2,9.408846855163574,0.17940247,0.09963765,1.5710473
723,23,e,none,double,gpt2_2_9,gpt2,gpt2,9.408846855163574,0.057949528,0.58382,1.3981972
724,23,h,grammatical,double,gpt2_4_3,gpt2,gpt2,8.995223045349121,0.6367325,0.098447286,1.1173543
725,23,h,grammatical,double,gpt2_3_6,gpt2,gpt2,8.995223045349121,0.04962624,0.09808581,1.360751
726,23,h,grammatical,double,gpt2_6_0,gpt2,gpt2,8.995223045349121,0.13857421,0.10822952,1.561254
727,23,h,grammatical,double,gpt2_2_9,gpt2,gpt2,8.995223045349121,0.048545383,0.6199525,1.3098586
728,23,g,semantic,double,gpt2_4_3,gpt2,gpt2,8.498856544494629,0.69035,0.038176786,0.9993022
729,23,g,semantic,double,gpt2_3_6,gpt2,gpt2,8.498856544494629,0.082093745,0.09703211,1.4079746
730,23,g,semantic,double,gpt2_6_0,gpt2,gpt2,8.498856544494629,0.17893362,0.038778294,1.5128009
731,23,g,semantic,double,gpt2_2_9,gpt2,gpt2,8.498856544494629,0.08295968,0.52231467,1.5145488
732,23,f,double,double,gpt2_4_3,gpt2,gpt2,8.270482063293457,0.6295734,0.07819508,1.1424265
733,23,f,double,double,gpt2_3_6,gpt2,gpt2,8.270482063293457,0.079728976,0.115296625,1.4099509
734,23,f,double,double,gpt2_6_0,gpt2,gpt2,8.270482063293457,0.1469097,0.070885606,1.5850272
735,23,f,double,double,gpt2_2_9,gpt2,gpt2,8.270482063293457,0.06114938,0.60112596,1.3531923
736,24,a,none,grammatical,gpt2_4_3,gpt2,gpt2,9.0631103515625,0.6888237,0.0015088203,0.9180267
737,24,a,none,grammatical,gpt2_3_6,gpt2,gpt2,9.0631103515625,0.045203533,0.2364296,1.5762762
738,24,a,none,grammatical,gpt2_6_0,gpt2,gpt2,9.0631103515625,0.13905601,0.038443327,1.3954079
739,24,a,none,grammatical,gpt2_2_9,gpt2,gpt2,9.0631103515625,0.05102265,0.598777,1.247425
740,24,b,grammatical,grammatical,gpt2_4_3,gpt2,gpt2,8.705169677734375,0.6971717,0.016221032,0.9235072
741,24,b,grammatical,grammatical,gpt2_3_6,gpt2,gpt2,8.705169677734375,0.042759474,0.24995226,1.575602
742,24,b,grammatical,grammatical,gpt2_6_0,gpt2,gpt2,8.705169677734375,0.1371294,0.13348578,1.5848289
743,24,b,grammatical,grammatical,gpt2_2_9,gpt2,gpt2,8.705169677734375,0.045768328,0.6340719,1.1814971
744,24,c,none,semantic,gpt2_4_3,gpt2,gpt2,8.418128967285156,0.7838321,0.0022878766,0.6950977
745,24,c,none,semantic,gpt2_3_6,gpt2,gpt2,8.418128967285156,0.09323649,0.11750215,1.5774683
746,24,c,none,semantic,gpt2_6_0,gpt2,gpt2,8.418128967285156,0.31224534,0.04729142,1.5338917
747,24,c,none,semantic,gpt2_2_9,gpt2,gpt2,8.418128967285156,0.066605784,0.6853581,1.156322
748,24,d,semantic,semantic,gpt2_4_3,gpt2,gpt2,7.958738327026367,0.8190239,0.015998552,0.6490457
749,24,d,semantic,semantic,gpt2_3_6,gpt2,gpt2,7.958738327026367,0.095006645,0.17315845,1.663014
750,24,d,semantic,semantic,gpt2_6_0,gpt2,gpt2,7.958738327026367,0.3721617,0.053553715,1.5825438
751,24,d,semantic,semantic,gpt2_2_9,gpt2,gpt2,7.958738327026367,0.046038065,0.76692176,0.9437058
752,24,e,none,double,gpt2_4_3,gpt2,gpt2,10.576751708984375,0.4648411,0.009466204,1.1880668
753,24,e,none,double,gpt2_3_6,gpt2,gpt2,10.576751708984375,0.056742806,0.15557039,1.5501488
754,24,e,none,double,gpt2_6_0,gpt2,gpt2,10.576751708984375,0.15706517,0.039210368,1.2596277
755,24,e,none,double,gpt2_2_9,gpt2,gpt2,10.576751708984375,0.08308304,0.59752,1.3431814
756,24,h,grammatical,double,gpt2_4_3,gpt2,gpt2,10.249755859375,0.43692833,0.047985405,1.240175
757,24,h,grammatical,double,gpt2_3_6,gpt2,gpt2,10.249755859375,0.060089424,0.136133,1.5549786
758,24,h,grammatical,double,gpt2_6_0,gpt2,gpt2,10.249755859375,0.17687945,0.108919464,1.4935122
759,24,h,grammatical,double,gpt2_2_9,gpt2,gpt2,10.249755859375,0.06772826,0.65330434,1.2219063
760,24,g,semantic,double,gpt2_4_3,gpt2,gpt2,9.715887069702148,0.486719,0.094700955,1.3268926
761,24,g,semantic,double,gpt2_3_6,gpt2,gpt2,9.715887069702148,0.04893875,0.19374356,1.5567207
762,24,g,semantic,double,gpt2_6_0,gpt2,gpt2,9.715887069702148,0.20775506,0.0648622,1.4856833
763,24,g,semantic,double,gpt2_2_9,gpt2,gpt2,9.715887069702148,0.05252737,0.71496826,1.0759649
764,24,f,double,double,gpt2_4_3,gpt2,gpt2,9.53195571899414,0.35705012,0.2771831,1.4190941
765,24,f,double,double,gpt2_3_6,gpt2,gpt2,9.53195571899414,0.050991345,0.1555812,1.5085
766,24,f,double,double,gpt2_6_0,gpt2,gpt2,9.53195571899414,0.18427064,0.19396186,1.6412058
767,24,f,double,double,gpt2_2_9,gpt2,gpt2,9.53195571899414,0.060402308,0.6674949,1.1913272
768,25,a,none,grammatical,gpt2_4_3,gpt2,gpt2,11.163758277893066,0.4552892,0.004668855,1.1551589
769,25,a,none,grammatical,gpt2_3_6,gpt2,gpt2,11.163758277893066,0.07195278,0.09625193,1.5514352
770,25,a,none,grammatical,gpt2_6_0,gpt2,gpt2,11.163758277893066,0.08282866,0.032770034,1.6873457
771,25,a,none,grammatical,gpt2_2_9,gpt2,gpt2,11.163758277893066,0.07427937,0.5340212,1.5069996
772,25,b,grammatical,grammatical,gpt2_4_3,gpt2,gpt2,10.409489631652832,0.45684546,0.03255865,1.270258
773,25,b,grammatical,grammatical,gpt2_3_6,gpt2,gpt2,10.409489631652832,0.0705537,0.12324128,1.5388129
774,25,b,grammatical,grammatical,gpt2_6_0,gpt2,gpt2,10.409489631652832,0.07744331,0.087010495,1.821069
775,25,b,grammatical,grammatical,gpt2_2_9,gpt2,gpt2,10.409489631652832,0.07739077,0.52843606,1.5143778
776,25,c,none,semantic,gpt2_4_3,gpt2,gpt2,9.636513710021973,0.64641684,0.0052893315,0.9901047
777,25,c,none,semantic,gpt2_3_6,gpt2,gpt2,9.636513710021973,0.043762922,0.087241955,1.4436443
778,25,c,none,semantic,gpt2_6_0,gpt2,gpt2,9.636513710021973,0.13985558,0.021155106,1.6576897
779,25,c,none,semantic,gpt2_2_9,gpt2,gpt2,9.636513710021973,0.051226486,0.71086556,1.0988588
780,25,d,semantic,semantic,gpt2_4_3,gpt2,gpt2,8.591028213500977,0.61349946,0.043545764,1.1134183
781,25,d,semantic,semantic,gpt2_3_6,gpt2,gpt2,8.591028213500977,0.037823,0.10825475,1.415899
782,25,d,semantic,semantic,gpt2_6_0,gpt2,gpt2,8.591028213500977,0.15959235,0.048584588,1.8189089
783,25,d,semantic,semantic,gpt2_2_9,gpt2,gpt2,8.591028213500977,0.09966409,0.3780946,1.7352879
784,25,e,none,double,gpt2_4_3,gpt2,gpt2,11.472512245178223,0.31674132,0.0030219527,1.1252396
785,25,e,none,double,gpt2_3_6,gpt2,gpt2,11.472512245178223,0.04333002,0.08964372,1.3853604
786,25,e,none,double,gpt2_6_0,gpt2,gpt2,11.472512245178223,0.098596655,0.026481526,1.6104777
787,25,e,none,double,gpt2_2_9,gpt2,gpt2,11.472512245178223,0.046175983,0.7291589,1.0576247
788,25,h,grammatical,double,gpt2_4_3,gpt2,gpt2,10.237385749816895,0.2927505,0.024859834,1.249862
789,25,h,grammatical,double,gpt2_3_6,gpt2,gpt2,10.237385749816895,0.039243214,0.15549323,1.4653888
790,25,h,grammatical,double,gpt2_6_0,gpt2,gpt2,10.237385749816895,0.103945374,0.06285476,1.7322066
791,25,h,grammatical,double,gpt2_2_9,gpt2,gpt2,10.237385749816895,0.04757335,0.700812,1.1321353
792,25,g,semantic,double,gpt2_4_3,gpt2,gpt2,10.291925430297852,0.23815839,0.050722044,1.2008272
793,25,g,semantic,double,gpt2_3_6,gpt2,gpt2,10.291925430297852,0.03780508,0.1579307,1.4513348
794,25,g,semantic,double,gpt2_6_0,gpt2,gpt2,10.291925430297852,0.09977642,0.04294358,1.7697597
795,25,g,semantic,double,gpt2_2_9,gpt2,gpt2,10.291925430297852,0.0985445,0.3891313,1.7299128
796,25,f,double,double,gpt2_4_3,gpt2,gpt2,7.657676696777344,0.21314156,0.25665525,1.4762486
797,25,f,double,double,gpt2_3_6,gpt2,gpt2,7.657676696777344,0.034029502,0.18188868,1.4276222
798,25,f,double,double,gpt2_6_0,gpt2,gpt2,7.657676696777344,0.09071349,0.17854002,1.8546168
799,25,f,double,double,gpt2_2_9,gpt2,gpt2,7.657676696777344,0.07532211,0.47387117,1.5902534
800,26,a,none,grammatical,gpt2_4_3,gpt2,gpt2,11.220775604248047,0.2826179,0.31312564,1.582449
801,26,a,none,grammatical,gpt2_3_6,gpt2,gpt2,11.220775604248047,0.023736157,0.31916314,1.4344263
802,26,a,none,grammatical,gpt2_6_0,gpt2,gpt2,11.220775604248047,0.06548651,0.2734596,1.6854265
803,26,a,none,grammatical,gpt2_2_9,gpt2,gpt2,11.220775604248047,0.057220344,0.59994006,1.2625105
804,26,b,grammatical,grammatical,gpt2_4_3,gpt2,gpt2,10.626849174499512,0.18883571,0.51085705,1.390445
805,26,b,grammatical,grammatical,gpt2_3_6,gpt2,gpt2,10.626849174499512,0.0234319,0.31841367,1.4201001
806,26,b,grammatical,grammatical,gpt2_6_0,gpt2,gpt2,10.626849174499512,0.05868445,0.322257,1.6435454
807,26,b,grammatical,grammatical,gpt2_2_9,gpt2,gpt2,10.626849174499512,0.05399681,0.6139818,1.2390575
808,26,c,none,semantic,gpt2_4_3,gpt2,gpt2,14.49224853515625,0.16840957,0.023746356,1.2275041
809,26,c,none,semantic,gpt2_3_6,gpt2,gpt2,14.49224853515625,0.04082945,0.077079415,1.531895
810,26,c,none,semantic,gpt2_6_0,gpt2,gpt2,14.49224853515625,0.2085697,0.06746833,1.7211397
811,26,c,none,semantic,gpt2_2_9,gpt2,gpt2,14.49224853515625,0.049049016,0.5768564,1.3068869
812,26,d,semantic,semantic,gpt2_4_3,gpt2,gpt2,9.702412605285645,0.20357446,0.02453979,0.9805736
813,26,d,semantic,semantic,gpt2_3_6,gpt2,gpt2,9.702412605285645,0.030553361,0.059464056,1.6352237
814,26,d,semantic,semantic,gpt2_6_0,gpt2,gpt2,9.702412605285645,0.17205349,0.015666025,1.741152
815,26,d,semantic,semantic,gpt2_2_9,gpt2,gpt2,9.702412605285645,0.028591024,0.36116454,1.6534991
816,26,e,none,double,gpt2_4_3,gpt2,gpt2,14.962852478027344,0.05888803,0.013434546,1.0058346
817,26,e,none,double,gpt2_3_6,gpt2,gpt2,14.962852478027344,0.048869092,0.09216458,1.5290254
818,26,e,none,double,gpt2_6_0,gpt2,gpt2,14.962852478027344,0.124163784,0.0763064,1.630116
819,26,e,none,double,gpt2_2_9,gpt2,gpt2,14.962852478027344,0.057718504,0.6039547,1.2720027
820,26,h,grammatical,double,gpt2_4_3,gpt2,gpt2,14.31973648071289,0.05471822,0.13115183,1.2886884
821,26,h,grammatical,double,gpt2_3_6,gpt2,gpt2,14.31973648071289,0.050864264,0.13244943,1.5695261
822,26,h,grammatical,double,gpt2_6_0,gpt2,gpt2,14.31973648071289,0.11422938,0.18441465,1.737709
823,26,h,grammatical,double,gpt2_2_9,gpt2,gpt2,14.31973648071289,0.046389744,0.6753935,1.1189253
824,26,g,semantic,double,gpt2_4_3,gpt2,gpt2,11.366742134094238,0.05282188,0.003427961,0.5294334
825,26,g,semantic,double,gpt2_3_6,gpt2,gpt2,11.366742134094238,0.038186453,0.071284726,1.6724237
826,26,g,semantic,double,gpt2_6_0,gpt2,gpt2,11.366742134094238,0.10246703,0.012717849,1.5552462
827,26,g,semantic,double,gpt2_2_9,gpt2,gpt2,11.366742134094238,0.03513025,0.36116645,1.6716413
828,26,f,double,double,gpt2_4_3,gpt2,gpt2,12.115493774414062,0.056159023,0.012513778,0.64743507
829,26,f,double,double,gpt2_3_6,gpt2,gpt2,12.115493774414062,0.035124373,0.09224698,1.6824172
830,26,f,double,double,gpt2_6_0,gpt2,gpt2,12.115493774414062,0.08979933,0.039196428,1.5914606
831,26,f,double,double,gpt2_2_9,gpt2,gpt2,12.115493774414062,0.033299394,0.38530988,1.6549108
832,27,a,none,grammatical,gpt2_4_3,gpt2,gpt2,7.1140594482421875,0.62578315,0.004860628,0.88695747
833,27,a,none,grammatical,gpt2_3_6,gpt2,gpt2,7.1140594482421875,0.13066168,0.09161051,1.6646883
834,27,a,none,grammatical,gpt2_6_0,gpt2,gpt2,7.1140594482421875,0.113392316,0.017650302,1.2538099
835,27,a,none,grammatical,gpt2_2_9,gpt2,gpt2,7.1140594482421875,0.076675564,0.454626,1.5436841
836,27,b,grammatical,grammatical,gpt2_4_3,gpt2,gpt2,6.739027976989746,0.57484853,0.008982865,0.95833486
837,27,b,grammatical,grammatical,gpt2_3_6,gpt2,gpt2,6.739027976989746,0.14198059,0.089674056,1.6326319
838,27,b,grammatical,grammatical,gpt2_6_0,gpt2,gpt2,6.739027976989746,0.0912752,0.014657495,1.2392479
839,27,b,grammatical,grammatical,gpt2_2_9,gpt2,gpt2,6.739027976989746,0.07056497,0.4862115,1.4990765
840,27,c,none,semantic,gpt2_4_3,gpt2,gpt2,12.617461681365967,0.52108604,0.023059284,1.2090044
841,27,c,none,semantic,gpt2_3_6,gpt2,gpt2,12.617461681365967,0.052609276,0.1251454,1.6159025
842,27,c,none,semantic,gpt2_6_0,gpt2,gpt2,12.617461681365967,0.06953999,0.03824417,1.2286973
843,27,c,none,semantic,gpt2_2_9,gpt2,gpt2,12.617461681365967,0.087678246,0.5648195,1.3872463
844,27,d,semantic,semantic,gpt2_4_3,gpt2,gpt2,11.556496977806091,0.5930366,0.028645989,1.163589
845,27,d,semantic,semantic,gpt2_3_6,gpt2,gpt2,11.556496977806091,0.06173396,0.055523325,1.5724566
846,27,d,semantic,semantic,gpt2_6_0,gpt2,gpt2,11.556496977806091,0.06451642,0.026174316,1.2225058
847,27,d,semantic,semantic,gpt2_2_9,gpt2,gpt2,11.556496977806091,0.06918546,0.65648097,1.1982265
848,27,e,none,double,gpt2_4_3,gpt2,gpt2,11.792591094970703,0.43630573,0.05235841,1.241391
849,27,e,none,double,gpt2_3_6,gpt2,gpt2,11.792591094970703,0.07581836,0.1820593,1.6816806
850,27,e,none,double,gpt2_6_0,gpt2,gpt2,11.792591094970703,0.10423842,0.075945474,1.5871007
851,27,e,none,double,gpt2_2_9,gpt2,gpt2,11.792591094970703,0.05122211,0.5966301,1.2944522
852,27,h,grammatical,double,gpt2_4_3,gpt2,gpt2,11.602466583251953,0.4249989,0.106481746,1.338623
853,27,h,grammatical,double,gpt2_3_6,gpt2,gpt2,11.602466583251953,0.08426414,0.14081527,1.6866992
854,27,h,grammatical,double,gpt2_6_0,gpt2,gpt2,11.602466583251953,0.09579555,0.0886852,1.6239364
855,27,h,grammatical,double,gpt2_2_9,gpt2,gpt2,11.602466583251953,0.062430497,0.5112165,1.445091
856,27,g,semantic,double,gpt2_4_3,gpt2,gpt2,11.015521049499512,0.46140546,0.062766366,1.2099786
857,27,g,semantic,double,gpt2_3_6,gpt2,gpt2,11.015521049499512,0.09889321,0.08933912,1.6862086
858,27,g,semantic,double,gpt2_6_0,gpt2,gpt2,11.015521049499512,0.09395208,0.062333863,1.584328
859,27,g,semantic,double,gpt2_2_9,gpt2,gpt2,11.015521049499512,0.058258396,0.53767926,1.3998654
860,27,f,double,double,gpt2_4_3,gpt2,gpt2,10.595627784729004,0.35141414,0.15845458,1.4121798
861,27,f,double,double,gpt2_3_6,gpt2,gpt2,10.595627784729004,0.088190645,0.14359206,1.6627946
862,27,f,double,double,gpt2_6_0,gpt2,gpt2,10.595627784729004,0.097208895,0.14326616,1.6932184
863,27,f,double,double,gpt2_2_9,gpt2,gpt2,10.595627784729004,0.05507185,0.5132442,1.4340863
